antecedents,consequents,antecedent support,consequent support,support,confidence,lift,representativity,leverage,conviction,zhangs_metric,jaccard,certainty,kulczynski
frozenset({'herb & pepper'}),frozenset({'ground beef'}),0.049466666666666666,0.09826666666666667,0.016,0.3234501347708895,3.2915549671393096,1.0,0.011139075555555555,1.332840903054449,0.7324227334361996,0.12145748987854253,0.24972290563088445,0.24313619357269034
"frozenset({'mineral water', 'spaghetti'})",frozenset({'ground beef'}),0.05973333333333333,0.09826666666666667,0.017066666666666667,0.28571428571428575,2.907540220973057,1.0,0.011196871111111112,1.2624266666666668,0.6977453204764607,0.12109744560075687,0.2078747808453561,0.22969567745687153
frozenset({'tomatoes'}),frozenset({'frozen vegetables'}),0.0684,0.09533333333333334,0.016133333333333333,0.23586744639376217,2.4741340530814213,1.0,0.009612533333333333,1.1839132653061224,0.6395643858074086,0.1093044263775971,0.15534352954358385,0.2025491078122657
frozenset({'shrimp'}),frozenset({'frozen vegetables'}),0.07133333333333333,0.09533333333333334,0.016666666666666666,0.2336448598130841,2.4508202078295533,1.0,0.00986622222222222,1.1804796747967479,0.6374443646805454,0.11111111111111109,0.15288672787002663,0.20423501731912946
"frozenset({'mineral water', 'milk'})",frozenset({'frozen vegetables'}),0.048,0.09533333333333334,0.011066666666666667,0.23055555555555557,2.4184149184149186,1.0,0.006490666666666667,1.175740072202166,0.6160777564037664,0.08366935483870969,0.14947187423237537,0.1733197358197358
"frozenset({'mineral water', 'ground beef'})",frozenset({'spaghetti'}),0.040933333333333335,0.17413333333333333,0.017066666666666667,0.4169381107491857,2.3943612791875135,1.0,0.00993880888888889,1.416430540037244,0.6072070937022105,0.0861952861952862,0.2939999726540027,0.2574736495552973
"frozenset({'mineral water', 'frozen vegetables'})",frozenset({'milk'}),0.03573333333333333,0.1296,0.011066666666666667,0.30970149253731344,2.3896720103187765,1.0,0.006435626666666668,1.2609037837837838,0.6030826847211858,0.07173725151253242,0.20691807506584722,0.19754621951968554
"frozenset({'mineral water', 'milk'})",frozenset({'ground beef'}),0.048,0.09826666666666667,0.011066666666666667,0.23055555555555557,2.346223428312981,1.0,0.006349866666666667,1.171927797833935,0.6027133745064291,0.08185404339250495,0.14670511114396967,0.1715871400572893
frozenset({'soup'}),frozenset({'milk'}),0.05053333333333333,0.1296,0.0152,0.3007915567282322,2.320922505619076,1.0,0.00865088,1.2448362264150945,0.5994279336876104,0.0921584478577203,0.19668147602048738,0.2090377536727581
frozenset({'ground beef'}),frozenset({'spaghetti'}),0.09826666666666667,0.17413333333333333,0.0392,0.39891451831750335,2.2908567284695827,1.0,0.022088497777777775,1.3739587659894656,0.6248877193935388,0.16809605488850773,0.27217612001635055,0.3120146864175572
frozenset({'spaghetti'}),frozenset({'ground beef'}),0.17413333333333333,0.09826666666666667,0.0392,0.225114854517611,2.2908567284695827,1.0,0.022088497777777775,1.1636993412384715,0.6822918382722801,0.16809605488850773,0.14067150804111825,0.3120146864175572
frozenset({'grated cheese'}),frozenset({'ground beef'}),0.0524,0.09826666666666667,0.011333333333333334,0.2162849872773537,2.201000548955431,1.0,0.00618416,1.1505883116883115,0.5758349266257791,0.0813397129186603,0.13087940330920492,0.16580870802130915
frozenset({'olive oil'}),frozenset({'ground beef'}),0.06573333333333334,0.09826666666666667,0.014133333333333333,0.21501014198782958,2.1880272251135984,1.0,0.007673937777777777,1.1487197243755383,0.5811695043500973,0.09430604982206404,0.12946563136311132,0.17941823245931504
"frozenset({'chocolate', 'spaghetti'})",frozenset({'milk'}),0.0392,0.1296,0.010933333333333333,0.2789115646258503,2.15209540606366,1.0,0.005853013333333334,1.2070641509433964,0.5571779614548852,0.06925675675675674,0.17154361744697877,0.1816368522717729
"frozenset({'mineral water', 'olive oil'})",frozenset({'spaghetti'}),0.027466666666666667,0.17413333333333333,0.010266666666666667,0.3737864077669903,2.1465528776817973,1.0,0.005483804444444445,1.3188258397932817,0.5492220967954448,0.05365853658536586,0.24174976723481229,0.21637253007032517
"frozenset({'eggs', 'ground beef'})",frozenset({'mineral water'}),0.02,0.23826666666666665,0.010133333333333333,0.5066666666666666,2.1264689423614995,1.0,0.0053679999999999995,1.544054054054054,0.540547798066595,0.04083825900053734,0.35235427971293537,0.2745980227569483
"frozenset({'mineral water', 'chocolate'})",frozenset({'ground beef'}),0.05266666666666667,0.09826666666666667,0.010933333333333333,0.20759493670886076,2.1125671985297907,1.0,0.005757955555555555,1.1379701810436633,0.5559207703266336,0.07809523809523809,0.12124235181375953,0.15942840458238153
"frozenset({'ground beef', 'milk'})",frozenset({'mineral water'}),0.022,0.23826666666666665,0.011066666666666667,0.503030303030303,2.1112072035407237,1.0,0.0058248000000000015,1.5327560975609757,0.538177248872792,0.044408774745853405,0.34758047833489814,0.2747384307540995
"frozenset({'mineral water', 'spaghetti'})",frozenset({'frozen vegetables'}),0.05973333333333333,0.09533333333333334,0.012,0.20089285714285715,2.107267732267732,1.0,0.006305422222222222,1.132096834264432,0.5588327976303019,0.08387698042870456,0.116683335087904,0.16338349150849152
frozenset({'red wine'}),frozenset({'spaghetti'}),0.028133333333333333,0.17413333333333333,0.010266666666666667,0.36492890995260663,2.0956866957462097,1.0,0.005367715555555556,1.3004318407960198,0.5379641623296446,0.05347222222222222,0.23102467301332738,0.21194378116313334
"frozenset({'mineral water', 'ground beef'})",frozenset({'milk'}),0.040933333333333335,0.1296,0.011066666666666667,0.2703583061889251,2.086098041581212,1.0,0.005761706666666667,1.1929142857142858,0.5428570950003266,0.0693979933110368,0.16171680398543783,0.17787462634549137
"frozenset({'mineral water', 'chocolate'})",frozenset({'milk'}),0.05266666666666667,0.1296,0.014,0.2658227848101266,2.0511017346460387,1.0,0.007174400000000001,1.185544827586207,0.5409470192017695,0.08320126782884311,0.15650595681310503,0.18692373808407564
"frozenset({'mineral water', 'spaghetti'})",frozenset({'milk'}),0.05973333333333333,0.1296,0.015733333333333332,0.2633928571428571,2.0323522927689592,1.0,0.007991893333333333,1.1816339393939395,0.540229001028678,0.09062980030721965,0.15371422006302515,0.1923960170487948
frozenset({'olive oil'}),frozenset({'spaghetti'}),0.06573333333333334,0.17413333333333333,0.022933333333333333,0.3488843813387424,2.0035473660341254,1.0,0.011486968888888888,1.2683871235721702,0.5361266640336407,0.1057160417947142,0.21159716823386632,0.24029211409969278
frozenset({'olive oil'}),frozenset({'milk'}),0.06573333333333334,0.1296,0.017066666666666667,0.25963488843813387,2.0033556206646135,1.0,0.008547626666666667,1.1756361643835618,0.5360755316112459,0.09573672400897533,0.14939670087101778,0.1956610656182439
"frozenset({'chocolate', 'ground beef'})",frozenset({'mineral water'}),0.023066666666666666,0.23826666666666665,0.010933333333333333,0.47398843930635837,1.9893191353092825,1.0,0.005437315555555555,1.448130402930403,0.5090577117044542,0.04366347177848776,0.3094544538417097,0.2599377003470796
"frozenset({'mineral water', 'eggs'})",frozenset({'milk'}),0.05093333333333333,0.1296,0.013066666666666667,0.2565445026178011,1.9795100510632802,1.0,0.006465706666666668,1.170749295774648,0.5213801170931986,0.07802547770700638,0.14584616569140751,0.1786837739426454
"frozenset({'frozen vegetables', 'milk'})",frozenset({'mineral water'}),0.0236,0.23826666666666665,0.011066666666666667,0.46892655367231645,1.968074511775251,1.0,0.005443573333333334,1.4343276595744683,0.5037783250988387,0.04412546517809676,0.3028092337725142,0.2576865560751062
"frozenset({'chocolate', 'milk'})",frozenset({'spaghetti'}),0.03213333333333333,0.17413333333333333,0.010933333333333333,0.34024896265560167,1.9539565236730572,1.0,0.005337848888888889,1.251785324947589,0.5044268007082882,0.05597269624573379,0.20114097835276276,0.2015180494748146
"frozenset({'mineral water', 'pancakes'})",frozenset({'spaghetti'}),0.03373333333333333,0.17413333333333333,0.011466666666666667,0.3399209486166008,1.9520728289621028,1.0,0.00559256888888889,1.2511632734530937,0.5047509635101615,0.05838424983027834,0.20074380281312662,0.2028854360234612
"frozenset({'mineral water', 'frozen vegetables'})",frozenset({'spaghetti'}),0.03573333333333333,0.17413333333333333,0.012,0.3358208955223881,1.9285273479463327,1.0,0.005777635555555556,1.2434397003745317,0.4993117010816126,0.06064690026954178,0.19577925676750252,0.20236680304450186
frozenset({'soup'}),frozenset({'mineral water'}),0.05053333333333333,0.23826666666666665,0.023066666666666666,0.45646437994722955,1.9157710406291113,1.0,0.011026257777777777,1.40144142394822,0.5034583861297651,0.0868038133467135,0.28644894969442003,0.27663733826684367
frozenset({'frozen vegetables'}),frozenset({'milk'}),0.09533333333333334,0.1296,0.0236,0.24755244755244754,1.91012691012691,1.0,0.0112448,1.1567583643122676,0.5266852353771405,0.11721854304635763,0.1355152200740436,0.21482560649227317
"frozenset({'spaghetti', 'pancakes'})",frozenset({'mineral water'}),0.0252,0.23826666666666665,0.011466666666666667,0.455026455026455,1.9097361011183058,1.0,0.005462346666666667,1.3977436893203883,0.48868223416133066,0.04550264550264551,0.2845612485031354,0.25157590238731814
frozenset({'shrimp'}),frozenset({'milk'}),0.07133333333333333,0.1296,0.0176,0.24672897196261684,1.9037729318103151,1.0,0.008355200000000002,1.1554937965260548,0.5111923252626771,0.09600000000000002,0.13456913139087412,0.19126572054920965
frozenset({'chicken'}),frozenset({'milk'}),0.06,0.1296,0.0148,0.24666666666666667,1.903292181069959,1.0,0.007024000000000002,1.1553982300884957,0.5048878665899944,0.08466819221967965,0.13449754901960784,0.1804320987654321
frozenset({'herb & pepper'}),frozenset({'spaghetti'}),0.049466666666666666,0.17413333333333333,0.016266666666666665,0.32884097035040427,1.8884435510168698,1.0,0.00765287111111111,1.2305081659973225,0.4949467540799643,0.07845659163987138,0.18732761989474203,0.21112798900368607
"frozenset({'mineral water', 'milk'})",frozenset({'spaghetti'}),0.048,0.17413333333333333,0.015733333333333332,0.3277777777777777,1.8823379275140375,1.0,0.007374933333333332,1.2285619834710741,0.492380002848597,0.07622739018087854,0.1860402540092562,0.20906499914922577
"frozenset({'spaghetti', 'milk'})",frozenset({'chocolate'}),0.03546666666666667,0.16386666666666666,0.010933333333333333,0.3082706766917293,1.8812287023498535,1.0,0.005121528888888889,1.208757971014493,0.4856571609675179,0.058032554847841464,0.1727045248266576,0.18749579400086872
"frozenset({'spaghetti', 'olive oil'})",frozenset({'mineral water'}),0.022933333333333333,0.23826666666666665,0.010266666666666667,0.4476744186046512,1.8788797647089446,1.0,0.004802417777777779,1.3791382456140353,0.4787472352974537,0.04091392136025505,0.27490952906264376,0.24538169727098816
"frozenset({'spaghetti', 'milk'})",frozenset({'mineral water'}),0.03546666666666667,0.23826666666666665,0.015733333333333332,0.44360902255639095,1.8618173862187646,1.0,0.007282808888888888,1.3690612612612612,0.47991124773316207,0.06098191214470283,0.2695724959168444,0.25482073959380824
frozenset({'burgers'}),frozenset({'eggs'}),0.0872,0.17973333333333333,0.0288,0.3302752293577982,1.837584733073803,1.0,0.013127253333333332,1.2247817351598174,0.49935079689680906,0.1209406494960806,0.18352799417806995,0.2452563090409169
"frozenset({'chocolate', 'milk'})",frozenset({'mineral water'}),0.03213333333333333,0.23826666666666665,0.014,0.43568464730290457,1.8285589562237181,1.0,0.0063436977777777785,1.349836274509804,0.46816497090639536,0.0546021840873635,0.25916941270292043,0.24722117088144668
"frozenset({'spaghetti', 'ground beef'})",frozenset({'mineral water'}),0.0392,0.23826666666666665,0.017066666666666667,0.435374149659864,1.8272558043922664,1.0,0.007726613333333335,1.3490939759036147,0.47120238343047466,0.06554019457245265,0.25876179283195866,0.2535012885960204
frozenset({'salmon'}),frozenset({'spaghetti'}),0.0424,0.17413333333333333,0.013466666666666667,0.31761006289308175,1.8239475280996271,1.0,0.006083413333333333,1.2102562211981567,0.47174040712341914,0.06631648063033486,0.17372868448468085,0.19747271904225297
"frozenset({'chocolate', 'eggs'})",frozenset({'spaghetti'}),0.0332,0.17413333333333333,0.010533333333333334,0.3172690763052209,1.8219893355965977,1.0,0.004752106666666667,1.2096517647058822,0.4666418774189156,0.0535230352303523,0.17331580114451997,0.18887956112351398
frozenset({'grated cheese'}),frozenset({'spaghetti'}),0.0524,0.17413333333333333,0.016533333333333334,0.3155216284987277,1.8119542218533369,1.0,0.007408746666666667,1.2065635687732341,0.47288906439357836,0.07873015873015873,0.17119990535041296,0.20523401486192128
"frozenset({'spaghetti', 'frozen vegetables'})",frozenset({'mineral water'}),0.027866666666666668,0.23826666666666665,0.012,0.43062200956937796,1.8073111761445635,1.0,0.005360302222222222,1.3378341736694679,0.4594964872978863,0.0472193074501574,0.2525232052809968,0.2404928738389699
frozenset({'cooking oil'}),frozenset({'spaghetti'}),0.05106666666666667,0.17413333333333333,0.015866666666666668,0.31070496083550914,1.784293419805757,1.0,0.006974257777777779,1.198132323232323,0.46320857976463037,0.07579617834394904,0.16536764712081345,0.20091143907012823
"frozenset({'eggs', 'milk'})",frozenset({'mineral water'}),0.0308,0.23826666666666665,0.013066666666666667,0.42424242424242425,1.7805361957572368,1.0,0.005728053333333334,1.3230105263157896,0.45230234066387603,0.051041666666666666,0.24414811514408927,0.23954146953587357
"frozenset({'mineral water', 'milk'})",frozenset({'chocolate'}),0.048,0.16386666666666666,0.014,0.2916666666666667,1.7799023596419856,1.0,0.0061344,1.1804235294117649,0.4602641056422569,0.07075471698113209,0.1528464359751236,0.18855098996474098
"frozenset({'eggs', 'spaghetti'})",frozenset({'chocolate'}),0.036533333333333334,0.16386666666666666,0.010533333333333334,0.28832116788321166,1.7594863784573536,1.0,0.004546737777777778,1.1748745299145298,0.4480199840940065,0.055477528089887644,0.1488452813146368,0.17630053512142682
frozenset({'tomatoes'}),frozenset({'spaghetti'}),0.0684,0.17413333333333333,0.020933333333333335,0.30604288499025345,1.757520396192114,1.0,0.009022613333333335,1.1900831460674157,0.4626626883958289,0.09446450060168472,0.15972257627169856,0.213128640044897
frozenset({'olive oil'}),frozenset({'mineral water'}),0.06573333333333334,0.23826666666666665,0.027466666666666667,0.41784989858012167,1.7537069050648644,1.0,0.011804604444444443,1.3084826945412311,0.46001779080835936,0.09932497589199615,0.23575603699473352,0.2665634495698594
frozenset({'ground beef'}),frozenset({'mineral water'}),0.09826666666666667,0.23826666666666665,0.040933333333333335,0.41655359565807326,1.7482663499919135,1.0,0.017519662222222225,1.305575503875969,0.47464672935367336,0.13847541723049164,0.23405425650893566,0.29417495115863934
frozenset({'frozen smoothie'}),frozenset({'milk'}),0.0632,0.1296,0.014266666666666667,0.22573839662447256,1.7418086159295723,1.0,0.006075946666666667,1.1241678474114443,0.4546158327813116,0.07991038088125467,0.11045312112186646,0.16791035057561077
frozenset({'cooking oil'}),frozenset({'milk'}),0.05106666666666667,0.1296,0.011466666666666667,0.22454308093994776,1.7325855010798439,1.0,0.004848426666666667,1.122435016835017,0.44558231028882694,0.06776989755713159,0.10907982644755028,0.1565102235975459
frozenset({'turkey'}),frozenset({'eggs'}),0.06253333333333333,0.17973333333333333,0.019466666666666667,0.31130063965884863,1.7320139446894398,1.0,0.008227342222222224,1.1910373581011353,0.4508293019368239,0.08737283064033513,0.16039577331621663,0.20980462250004747
"frozenset({'mineral water', 'chocolate'})",frozenset({'spaghetti'}),0.05266666666666667,0.17413333333333333,0.015866666666666668,0.3012658227848101,1.730087037431911,1.0,0.006695644444444445,1.1819468599033818,0.44545502930236136,0.0752212389380531,0.1539382742793148,0.19619187004477873
frozenset({'ground beef'}),frozenset({'milk'}),0.09826666666666667,0.1296,0.022,0.22388059701492535,1.7274737423991156,1.0,0.00926464,1.121476923076923,0.46701168120656517,0.10686528497409326,0.10831870061457416,0.1968168417173392
"frozenset({'french fries', 'mineral water'})",frozenset({'spaghetti'}),0.03373333333333333,0.17413333333333333,0.010133333333333333,0.30039525691699603,1.7250876162920905,1.0,0.004259235555555556,1.1804760828625236,0.4349930642806824,0.05124747134187457,0.15288415028696647,0.17929410625329129
frozenset({'shrimp'}),frozenset({'spaghetti'}),0.07133333333333333,0.17413333333333333,0.0212,0.297196261682243,1.706716663565714,1.0,0.008778488888888889,1.1751028368794325,0.4458862145408083,0.09453032104637336,0.14901064943765296,0.2094710251749653
"frozenset({'chocolate', 'eggs'})",frozenset({'mineral water'}),0.0332,0.23826666666666665,0.013466666666666667,0.40562248995983935,1.7023887379400084,1.0,0.005556213333333334,1.2815648648648648,0.4267584805646473,0.05219638242894058,0.21970395146136795,0.2310708980297238
"frozenset({'chocolate', 'spaghetti'})",frozenset({'mineral water'}),0.0392,0.23826666666666665,0.015866666666666668,0.4047619047619048,1.6987768806459353,1.0,0.0065266133333333354,1.2797120000000004,0.42812362247146996,0.060652395514780855,0.2185741791903179,0.23567697924161274
frozenset({'frozen vegetables'}),frozenset({'spaghetti'}),0.09533333333333334,0.17413333333333333,0.027866666666666668,0.2923076923076923,1.6786429496996114,1.0,0.011265955555555554,1.1669855072463768,0.4468836054764767,0.1153421633554084,0.1430913290777676,0.22616916008952764
frozenset({'salmon'}),frozenset({'mineral water'}),0.0424,0.23826666666666665,0.016933333333333335,0.39937106918238996,1.6761516613698517,1.0,0.006830826666666668,1.2682261780104713,0.4212565534571337,0.06420626895854399,0.2114971151527962,0.23521994981223585
frozenset({'cereals'}),frozenset({'mineral water'}),0.025733333333333334,0.23826666666666665,0.010266666666666667,0.3989637305699482,1.6744420701033083,1.0,0.004135271111111112,1.267366666666667,0.41342494921255024,0.040462427745664734,0.2109623629047106,0.22102635325363668
frozenset({'cooking oil'}),frozenset({'mineral water'}),0.05106666666666667,0.23826666666666665,0.020133333333333333,0.3942558746736292,1.6546833016520532,1.0,0.007965848888888889,1.2575166666666666,0.41694683097182667,0.07478949975235265,0.20478191143921218,0.23937751763899703
frozenset({'chicken'}),frozenset({'spaghetti'}),0.06,0.17413333333333333,0.0172,0.2866666666666667,1.64624808575804,1.0,0.006752000000000001,1.1577570093457943,0.41761504205838706,0.07928703134603565,0.13626089764288024,0.19272077590607453
"frozenset({'spaghetti', 'eggs'})",frozenset({'mineral water'}),0.036533333333333334,0.23826666666666665,0.014266666666666667,0.3905109489051095,1.638965929931909,1.0,0.005561991111111112,1.24979001996008,0.40464211531049615,0.054759467758444216,0.1998655901957503,0.2251939187726443
frozenset({'red wine'}),frozenset({'mineral water'}),0.028133333333333333,0.23826666666666665,0.010933333333333333,0.3886255924170616,1.6310531298981323,1.0,0.004230097777777778,1.2459359173126616,0.39809903998340307,0.042797494780793324,0.19739050291054827,0.2172562769024312
"frozenset({'mineral water', 'ground beef'})",frozenset({'chocolate'}),0.040933333333333335,0.16386666666666666,0.010933333333333333,0.2671009771986971,1.6299896899839121,1.0,0.004225724444444444,1.1408574814814816,0.4029951205948873,0.05639614855570839,0.12346632578380291,0.1669109442543526
frozenset({'cooking oil'}),frozenset({'chocolate'}),0.05106666666666667,0.16386666666666666,0.0136,0.2663185378590078,1.6252148364056618,1.0,0.005231875555555555,1.139640806642942,0.40539911341802426,0.06754966887417219,0.12253054280697788,0.17465642108572846
frozenset({'soup'}),frozenset({'spaghetti'}),0.05053333333333333,0.17413333333333333,0.014266666666666667,0.28232189973614774,1.6212972802611854,1.0,0.0054671288888888895,1.1507480392156861,0.4036055001200871,0.06780735107731306,0.131000040042155,0.1821257278160065
"frozenset({'mineral water', 'spaghetti'})",frozenset({'chocolate'}),0.05973333333333333,0.16386666666666666,0.015866666666666668,0.265625,1.6209825061025225,1.0,0.006078364444444446,1.1385645390070922,0.4074271796069534,0.07637997432605906,0.12170108435656195,0.181225844182262
"frozenset({'mineral water', 'eggs'})",frozenset({'chocolate'}),0.05093333333333333,0.16386666666666666,0.013466666666666667,0.26439790575916233,1.6134941360404538,1.0,0.005120391111111112,1.1366652431791222,0.4006326173499621,0.06688741721854305,0.12023350234312191,0.17328927021074472
"frozenset({'mineral water', 'eggs'})",frozenset({'spaghetti'}),0.05093333333333333,0.17413333333333333,0.014266666666666667,0.28010471204188486,1.608564579107302,1.0,0.005397475555555557,1.1472038787878789,0.398631349244905,0.0676786843769766,0.1283153600765477,0.18101713396887506
frozenset({'chicken'}),frozenset({'mineral water'}),0.06,0.23826666666666665,0.0228,0.38,1.594851706771125,1.0,0.008504000000000003,1.2286021505376346,0.3967898469578202,0.08276863504356244,0.18606686504463504,0.23784555120313375
frozenset({'burgers'}),frozenset({'milk'}),0.0872,0.1296,0.017866666666666666,0.20489296636085627,1.5809642466115454,1.0,0.0065655466666666665,1.0946953846153846,0.4025795649273353,0.08981233243967829,0.08650386760208671,0.17137652433269152
frozenset({'tomatoes'}),frozenset({'milk'}),0.0684,0.1296,0.014,0.2046783625730994,1.5793083531874954,1.0,0.00513536,1.0944,0.39374348279457766,0.07608695652173914,0.08625730994152046,0.15635152696556204
frozenset({'frozen vegetables'}),frozenset({'mineral water'}),0.09533333333333334,0.23826666666666665,0.03573333333333333,0.3748251748251748,1.5731330784492508,1.0,0.013018577777777776,1.2184325130499627,0.40271835369944675,0.1199641897940913,0.17927337846819727,0.262398597485335
frozenset({'milk'}),frozenset({'spaghetti'}),0.1296,0.17413333333333333,0.03546666666666667,0.27366255144032925,1.5715690166940808,1.0,0.012898986666666667,1.137028895184136,0.41784608580274213,0.13220675944333996,0.120514875008471,0.23866894800194105
frozenset({'spaghetti'}),frozenset({'milk'}),0.17413333333333333,0.1296,0.03546666666666667,0.20367534456355282,1.5715690166940806,1.0,0.012898986666666667,1.0930215384615385,0.4403776635647887,0.13220675944333996,0.08510494550040536,0.23866894800194105
frozenset({'whole wheat rice'}),frozenset({'milk'}),0.05853333333333333,0.1296,0.011866666666666666,0.20273348519362186,1.5643015832841194,1.0,0.0042807466666666665,1.0917302857142859,0.3831650035246623,0.06732223903177005,0.0840228460404663,0.14714863560092617
frozenset({'mineral water'}),frozenset({'milk'}),0.23826666666666665,0.1296,0.048,0.20145495243424735,1.5544363613753656,1.0,0.017120640000000003,1.0899823405746323,0.46824785576754774,0.15006252605252188,0.0825539435136114,0.28591266140230887
frozenset({'milk'}),frozenset({'mineral water'}),0.1296,0.23826666666666665,0.048,0.3703703703703704,1.5544363613753656,1.0,0.017120640000000003,1.2098117647058826,0.4097886029411765,0.15006252605252188,0.17342513176575847,0.28591266140230887
"frozenset({'french fries', 'spaghetti'})",frozenset({'mineral water'}),0.0276,0.23826666666666665,0.010133333333333333,0.36714975845410625,1.540919523450362,1.0,0.0035571733333333334,1.203654961832061,0.36100045465370545,0.03962460896767466,0.1691971273246625,0.20483956865066813
frozenset({'shrimp'}),frozenset({'chocolate'}),0.07133333333333333,0.16386666666666666,0.018,0.2523364485981308,1.539888823829114,1.0,0.006310844444444444,1.1183283333333334,0.3775331684879424,0.08287292817679558,0.10580822268952018,0.1810909256823038
frozenset({'salmon'}),frozenset({'chocolate'}),0.0424,0.16386666666666666,0.010666666666666666,0.25157232704402516,1.535225754947265,1.0,0.00371872,1.1171865546218487,0.36406641604010026,0.054533060668029994,0.1048943474454136,0.15833294952689458
frozenset({'olive oil'}),frozenset({'chocolate'}),0.06573333333333334,0.16386666666666666,0.0164,0.24949290060851928,1.5225360085955204,1.0,0.005628497777777779,1.1140911711711712,0.36734809905541616,0.07692307692307693,0.10240739189346111,0.17478713378676575
frozenset({'pancakes'}),frozenset({'spaghetti'}),0.09506666666666666,0.17413333333333333,0.0252,0.2650771388499299,1.5222653456159834,1.0,0.008645724444444447,1.1237460559796437,0.37912660603098214,0.10327868852459017,0.11011923496520411,0.20489691551991135
frozenset({'turkey'}),frozenset({'spaghetti'}),0.06253333333333333,0.17413333333333333,0.016533333333333334,0.26439232409381663,1.5183326421926682,1.0,0.005644195555555556,1.1226999033816425,0.3641545964645051,0.0751059963658389,0.1092900275595132,0.17966936265946576
frozenset({'burgers'}),frozenset({'green tea'}),0.0872,0.132,0.017466666666666665,0.2003058103975535,1.5174682605875265,1.0,0.005956266666666665,1.085414913957935,0.37358417351860884,0.0865829477858559,0.07869332995109848,0.1663145213603929
"frozenset({'mineral water', 'milk'})",frozenset({'eggs'}),0.048,0.17973333333333333,0.013066666666666667,0.27222222222222225,1.5145895153313553,1.0,0.004439466666666668,1.127083969465649,0.3568856113874122,0.06086956521739131,0.11275465973125275,0.17246125947906366
frozenset({'milk'}),frozenset({'chocolate'}),0.1296,0.16386666666666666,0.03213333333333333,0.24794238683127573,1.5130739635757267,1.0,0.010896213333333335,1.1117942544459647,0.38958384183548944,0.1229591836734694,0.1005530060970448,0.22201838625534495
frozenset({'champagne'}),frozenset({'chocolate'}),0.0468,0.16386666666666666,0.0116,0.24786324786324784,1.5125910162525296,1.0,0.003931039999999999,1.1116772727272728,0.3555211483641309,0.05827193569993302,0.10045835735518399,0.15932625371193312
frozenset({'tomatoes'}),frozenset({'mineral water'}),0.0684,0.23826666666666665,0.0244,0.35672514619883045,1.4971676533246943,1.0,0.008102560000000002,1.184149090909091,0.3564535542588461,0.08644307982994805,0.15551174452848388,0.22956570684311978
"frozenset({'chocolate', 'spaghetti'})",frozenset({'eggs'}),0.0392,0.17973333333333333,0.010533333333333334,0.2687074829931973,1.4950342154666023,1.0,0.0034877866666666677,1.121666976744186,0.34462842146312683,0.05054382597568779,0.10846978583370932,0.16365641211974405
frozenset({'chicken'}),frozenset({'chocolate'}),0.06,0.16386666666666666,0.014666666666666666,0.24444444444444444,1.4917276918904259,1.0,0.004834666666666668,1.1066470588235295,0.3506769825918763,0.07010834926704908,0.09636953170679848,0.166974052978935
frozenset({'pancakes'}),frozenset({'mineral water'}),0.09506666666666666,0.23826666666666665,0.03373333333333333,0.3548387096774194,1.489250320414463,1.0,0.011082115555555556,1.1806866666666667,0.36303360702948156,0.11259457053849577,0.15303523938047353,0.2482083867357438
frozenset({'burgers'}),frozenset({'french fries'}),0.0872,0.17093333333333333,0.022,0.25229357798165136,1.4759764702514706,1.0,0.007094613333333333,1.1088130879345601,0.35328924654078026,0.09316770186335403,0.09813474346451999,0.1904993630937898
frozenset({'frozen vegetables'}),frozenset({'chocolate'}),0.09533333333333334,0.16386666666666666,0.022933333333333333,0.24055944055944053,1.4680193687516714,1.0,0.007311377777777777,1.1009858809085329,0.35240612842967556,0.09706546275395034,0.09172313892454217,0.1902553101902166
frozenset({'avocado'}),frozenset({'mineral water'}),0.0332,0.23826666666666665,0.011466666666666667,0.3453815261044177,1.449558727354859,1.0,0.003556213333333334,1.163629447852761,0.3207849438569821,0.044102564102564114,0.140619892487858,0.1967534379262995
frozenset({'herb & pepper'}),frozenset({'mineral water'}),0.049466666666666666,0.23826666666666665,0.017066666666666667,0.3450134770889488,1.4480140336693432,1.0,0.00528040888888889,1.1629755829903978,0.3255003769813438,0.06305418719211824,0.14013671944111958,0.20832095231056283
frozenset({'whole wheat rice'}),frozenset({'mineral water'}),0.05853333333333333,0.23826666666666665,0.020133333333333333,0.3439635535307517,1.4436075274094224,1.0,0.006186791111111112,1.1611143518518519,0.326395994789024,0.0727710843373494,0.13875838464565687,0.21423135706755828
frozenset({'frozen smoothie'}),frozenset({'chocolate'}),0.0632,0.16386666666666666,0.014933333333333333,0.2362869198312236,1.4419462154061653,1.0,0.00457696,1.0948265193370166,0.3271700012199585,0.07039597737272156,0.08661328316603047,0.16370896032244664
frozenset({'honey'}),frozenset({'spaghetti'}),0.04733333333333333,0.17413333333333333,0.011866666666666666,0.2507042253521127,1.4397256432931431,1.0,0.0036243555555555557,1.1021904761904762,0.3205982025617034,0.05661577608142493,0.09271580402661367,0.1594256195673274
frozenset({'spaghetti'}),frozenset({'mineral water'}),0.17413333333333333,0.23826666666666665,0.05973333333333333,0.3430321592649311,1.4396984860027886,1.0,0.018243164444444446,1.1594682206682205,0.36980560104248356,0.16937618147448014,0.1375356545574975,0.296865827813775
frozenset({'mineral water'}),frozenset({'spaghetti'}),0.23826666666666665,0.17413333333333333,0.05973333333333333,0.2506994963626189,1.4396984860027884,1.0,0.018243164444444446,1.1021835200398307,0.40094099297341906,0.16937618147448014,0.09271007793342619,0.296865827813775
frozenset({'ground beef'}),frozenset({'chocolate'}),0.09826666666666667,0.16386666666666666,0.023066666666666666,0.23473541383989144,1.432478115377694,1.0,0.006964035555555553,1.0926068557919622,0.334809687871528,0.09648633575013943,0.084757710699918,0.18775013165550308
"frozenset({'mineral water', 'chocolate'})",frozenset({'eggs'}),0.05266666666666667,0.17973333333333333,0.013466666666666667,0.25569620253164554,1.422642076400105,1.0,0.004000711111111112,1.1020589569161,0.3135987068094565,0.06151035322777101,0.09260752909417126,0.1653110092776922
frozenset({'cake'}),frozenset({'mineral water'}),0.08106666666666666,0.23826666666666665,0.027466666666666667,0.33881578947368424,1.422002474008188,1.0,0.008151182222222223,1.1520742951907132,0.32294654277648494,0.09410689812699866,0.13200042377956098,0.22704639501664067
frozenset({'frozen smoothie'}),frozenset({'spaghetti'}),0.0632,0.17413333333333333,0.0156,0.24683544303797464,1.4175082869715236,1.0,0.004594773333333331,1.0965288515406162,0.31440729305801884,0.0703547805171377,0.08803129202208747,0.16821098338728746
frozenset({'burgers'}),frozenset({'spaghetti'}),0.0872,0.17413333333333333,0.021466666666666665,0.24617737003058102,1.413729154080672,1.0,0.006282239999999998,1.0955716024340771,0.32060794443144014,0.08949416342412451,0.08723446484167867,0.1847272761332078
frozenset({'herb & pepper'}),frozenset({'eggs'}),0.049466666666666666,0.17973333333333333,0.012533333333333334,0.2533692722371968,1.4096955057707536,1.0,0.003642524444444446,1.0986243080625753,0.3057514556963915,0.05784615384615385,0.08977073175861118,0.16155110496132838
frozenset({'grated cheese'}),frozenset({'mineral water'}),0.0524,0.23826666666666665,0.017466666666666665,0.3333333333333333,1.3989927252378287,1.0,0.0049814933333333315,1.1425999999999998,0.3009708737864077,0.063933626159102,0.12480308069315595,0.20332027606789776
frozenset({'whole wheat rice'}),frozenset({'spaghetti'}),0.05853333333333333,0.17413333333333333,0.014133333333333333,0.24145785876993164,1.3866262946205876,1.0,0.003940728888888889,1.088755155155155,0.29616041343227345,0.06467358145210494,0.0815198483652708,0.1613108589408617
frozenset({'shrimp'}),frozenset({'mineral water'}),0.07133333333333333,0.23826666666666665,0.023466666666666667,0.32897196261682243,1.3806881475244368,1.0,0.006470311111111113,1.1351736304549676,0.2969025321412257,0.08201304753028892,0.11907749337058783,0.2137305252367828
"frozenset({'mineral water', 'ground beef'})",frozenset({'eggs'}),0.040933333333333335,0.17973333333333333,0.010133333333333333,0.24755700325732896,1.3773572139688184,1.0,0.002776248888888888,1.090137950937951,0.2856651569142514,0.04813172894236858,0.08268490319082693,0.15196841260789296
frozenset({'chocolate'}),frozenset({'spaghetti'}),0.16386666666666666,0.17413333333333333,0.0392,0.23921887713588283,1.3737684368446563,1.0,0.01066535111111111,1.085550944741533,0.32539700619523837,0.1311914323962517,0.07880877922491464,0.23216686582674692
frozenset({'spaghetti'}),frozenset({'chocolate'}),0.17413333333333333,0.16386666666666666,0.0392,0.225114854517611,1.3737684368446563,1.0,0.01066535111111111,1.0790416337285904,0.3294421417259186,0.1311914323962517,0.07325169971010725,0.23216686582674692
frozenset({'escalope'}),frozenset({'chocolate'}),0.07933333333333334,0.16386666666666666,0.0176,0.2218487394957983,1.353836896841731,1.0,0.0045999111111111116,1.0745125989920807,0.28387970947710267,0.07801418439716312,0.06934548656011598,0.1646265666559545
frozenset({'mineral water'}),frozenset({'chocolate'}),0.23826666666666665,0.16386666666666666,0.05266666666666667,0.22104085058757697,1.3489067367020564,1.0,0.013622702222222227,1.0733981800766283,0.3395662125244004,0.15070583746661578,0.06837926637008887,0.2712201811928935
frozenset({'chocolate'}),frozenset({'mineral water'}),0.16386666666666666,0.23826666666666665,0.05266666666666667,0.32139951179820997,1.3489067367020564,1.0,0.013622702222222227,1.1225063149480419,0.30935126329961715,0.15070583746661578,0.1091364149285095,0.2712201811928935
frozenset({'frozen smoothie'}),frozenset({'french fries'}),0.0632,0.17093333333333333,0.014533333333333334,0.229957805907173,1.3453069768360355,1.0,0.003730346666666667,1.0766509589041096,0.2739914916287342,0.06618093503339406,0.07119387975294267,0.15749060342160523
frozenset({'frozen smoothie'}),frozenset({'mineral water'}),0.0632,0.23826666666666665,0.020133333333333333,0.3185654008438818,1.3370120348791905,1.0,0.005074879999999999,1.1178377708978329,0.26906871921321557,0.07156398104265403,0.10541580716420682,0.20153228072412332
frozenset({'chicken'}),frozenset({'eggs'}),0.06,0.17973333333333333,0.0144,0.24,1.3353115727002967,1.0,0.003616000000000001,1.0792982456140352,0.26713947990543746,0.06390532544378698,0.07347204161248373,0.1600593471810089
"frozenset({'mineral water', 'spaghetti'})",frozenset({'eggs'}),0.05973333333333333,0.17973333333333333,0.014266666666666667,0.23883928571428573,1.3288535926239933,1.0,0.0035305955555555556,1.077652394916911,0.2631930492310791,0.06335109532267615,0.0720569965632547,0.15910807015684614
frozenset({'honey'}),frozenset({'mineral water'}),0.04733333333333333,0.23826666666666665,0.014933333333333333,0.3154929577464789,1.324117058253269,1.0,0.0036553777777777793,1.1128203017832647,0.25694166749975017,0.05517241379310346,0.10138231806381792,0.18908391591856683
frozenset({'milk'}),frozenset({'eggs'}),0.1296,0.17973333333333333,0.0308,0.23765432098765435,1.3222606879876913,1.0,0.007506560000000002,1.0759773279352227,0.2800085943468297,0.1105792245093346,0.07061238741992971,0.20450965307542956
frozenset({'low fat yogurt'}),frozenset({'mineral water'}),0.0764,0.23826666666666665,0.023866666666666668,0.31239092495637,1.3110978943328344,1.0,0.005663093333333338,1.1078000000000001,0.25690823617082553,0.08207244383310408,0.09730998375157973,0.20627940204169928
frozenset({'cake'}),frozenset({'eggs'}),0.08106666666666666,0.17973333333333333,0.019066666666666666,0.23519736842105263,1.3085906996720287,1.0,0.0044962844444444445,1.0725207168458781,0.2566226576673472,0.07887479316050745,0.06761707788652385,0.17064022723723254
frozenset({'fresh bread'}),frozenset({'mineral water'}),0.04306666666666667,0.23826666666666665,0.013333333333333334,0.30959752321981426,1.2993740482085099,1.0,0.0030719822222222224,1.1033177877429,0.24076773024940784,0.04975124378109453,0.09364281886024979,0.1827786161146637
frozenset({'cake'}),frozenset({'french fries'}),0.08106666666666666,0.17093333333333333,0.017866666666666666,0.22039473684210528,1.2893607849577142,1.0,0.004009671111111113,1.0634441631504923,0.2442199911643178,0.07630979498861047,0.059659139002217705,0.16245945890467198
frozenset({'turkey'}),frozenset({'mineral water'}),0.06253333333333333,0.23826666666666665,0.0192,0.30703624733475476,1.288624429216934,1.0,0.0043003911111111105,1.099239794871795,0.2389191121857172,0.06818181818181819,0.09028038771410131,0.19380911415422686
frozenset({'cake'}),frozenset({'spaghetti'}),0.08106666666666666,0.17413333333333333,0.018133333333333335,0.22368421052631582,1.2845571048601598,1.0,0.004016924444444446,1.0638282485875705,0.24106380799563015,0.07649043869516312,0.05999864045001108,0.1639094865801564
frozenset({'cooking oil'}),frozenset({'eggs'}),0.05106666666666667,0.17973333333333333,0.011733333333333333,0.22976501305483027,1.2783661705572902,1.0,0.0025549511111111114,1.064956384180791,0.22946977148185527,0.05356055995130858,0.06099440798296928,0.14752345608231127
frozenset({'pancakes'}),frozenset({'chocolate'}),0.09506666666666666,0.16386666666666666,0.019866666666666668,0.20897615708274897,1.2752816746302826,1.0,0.004288408888888892,1.0570267139479907,0.23853636492188496,0.08310094813162298,0.05395011610917195,0.16510646747546726
frozenset({'grated cheese'}),frozenset({'chocolate'}),0.0524,0.16386666666666666,0.010933333333333333,0.20865139949109412,1.2732998341604604,1.0,0.00234672,1.0565929260450162,0.2265080460006795,0.053246753246753244,0.053561712036869075,0.13768615540055112
frozenset({'pancakes'}),frozenset({'eggs'}),0.09506666666666666,0.17973333333333333,0.021733333333333334,0.2286115007012623,1.2719482605782397,1.0,0.004646684444444445,1.063363878787879,0.2362654696229981,0.08587987355110643,0.05958814292254019,0.17476569100345013
frozenset({'frozen vegetables'}),frozenset({'eggs'}),0.09533333333333334,0.17973333333333333,0.021733333333333334,0.22797202797202795,1.2683903633458529,1.0,0.004598755555555556,1.0624830917874397,0.23389740088882463,0.08578947368421053,0.05880855165640599,0.17444595463883297
frozenset({'green tea'}),frozenset({'french fries'}),0.132,0.17093333333333333,0.028533333333333334,0.21616161616161617,1.26459603838699,1.0,0.005970133333333336,1.057701030927835,0.24105258624402437,0.10398445092322645,0.05455325204440677,0.19154414661434943
frozenset({'whole wheat rice'}),frozenset({'chocolate'}),0.05853333333333333,0.16386666666666666,0.012,0.2050113895216401,1.2510865918733123,1.0,0.002408337777777778,1.0517551098376314,0.21317251254937136,0.0570342205323194,0.04920832744575041,0.13912082901631234
frozenset({'tomatoes'}),frozenset({'chocolate'}),0.0684,0.16386666666666666,0.014,0.2046783625730994,1.24905428746806,1.0,0.0027915200000000005,1.051314705882353,0.21403422682941792,0.06414172266340867,0.04881003337557735,0.14505683791795734
frozenset({'pancakes'}),frozenset({'french fries'}),0.09506666666666666,0.17093333333333333,0.020133333333333333,0.21178120617110802,1.2389696148855773,1.0,0.003883271111111114,1.0518230130486357,0.21314023595947468,0.0818872017353579,0.04926970831188649,0.16478295877978177
frozenset({'chocolate'}),frozenset({'french fries'}),0.16386666666666666,0.17093333333333333,0.0344,0.20992676973148902,1.2281207277583213,1.0,0.006389724444444446,1.049354205286646,0.22215093719211979,0.11451398135818908,0.04703293229111736,0.20558740982674295
frozenset({'french fries'}),frozenset({'chocolate'}),0.17093333333333333,0.16386666666666666,0.0344,0.20124804992199688,1.228120727758321,1.0,0.006389724444444446,1.0467997395833333,0.2240444720379195,0.11451398135818908,0.044707442898258114,0.20558740982674295
frozenset({'soup'}),frozenset({'chocolate'}),0.05053333333333333,0.16386666666666666,0.010133333333333333,0.20052770448548812,1.223724803613638,1.0,0.0018526044444444438,1.0458565456545654,0.1925531600381377,0.04960835509138381,0.04384592308103348,0.13118329894738198
frozenset({'low fat yogurt'}),frozenset({'eggs'}),0.0764,0.17973333333333333,0.0168,0.2198952879581152,1.2234530116363975,1.0,0.003068373333333334,1.051482774049217,0.19774931771467075,0.0701949860724234,0.048962070820198954,0.156683549023568
frozenset({'escalope'}),frozenset({'french fries'}),0.07933333333333334,0.17093333333333333,0.0164,0.20672268907563027,1.2093761061366826,1.0,0.00283928888888889,1.0451158192090395,0.18804566032626302,0.07012542759407071,0.04316824832216582,0.1513332634145702
frozenset({'mineral water'}),frozenset({'eggs'}),0.23826666666666665,0.17973333333333333,0.05093333333333333,0.21376608841634023,1.1893513821383916,1.0,0.00810887111111111,1.0432857888493476,0.20900435582299207,0.1387577188521613,0.04148986721757994,0.24857443886692382
frozenset({'eggs'}),frozenset({'mineral water'}),0.17973333333333333,0.23826666666666665,0.05093333333333333,0.28338278931750743,1.1893513821383916,1.0,0.00810887111111111,1.0629570738440304,0.19409003329271032,0.1387577188521613,0.05922823733262836,0.24857443886692382
frozenset({'eggs'}),frozenset({'french fries'}),0.17973333333333333,0.17093333333333333,0.0364,0.20252225519287836,1.1848025849817378,1.0,0.005677582222222227,1.03961103875969,0.19015466544725337,0.11582520152736529,0.03810178738285426,0.20773538656679802
frozenset({'french fries'}),frozenset({'eggs'}),0.17093333333333333,0.17973333333333333,0.0364,0.21294851794071765,1.1848025849817376,1.0,0.005677582222222227,1.0422020482325736,0.18813629813951477,0.11582520152736529,0.040493154186505585,0.20773538656679802
frozenset({'burgers'}),frozenset({'mineral water'}),0.0872,0.23826666666666665,0.0244,0.27981651376146793,1.1743838014611134,1.0,0.0036231466666666705,1.0576934182590234,0.16267486578257992,0.08104517271922054,0.05454644726256075,0.1911113906244385
frozenset({'eggs'}),frozenset({'spaghetti'}),0.17973333333333333,0.17413333333333333,0.036533333333333334,0.20326409495548964,1.1672899786877275,1.0,0.005235768888888888,1.0365626319056487,0.17471737871726475,0.11512605042016806,0.03527295966518765,0.20653250689581526
frozenset({'spaghetti'}),frozenset({'eggs'}),0.17413333333333333,0.17973333333333333,0.036533333333333334,0.20980091883614088,1.1672899786877275,1.0,0.005235768888888888,1.0380506459948322,0.17353266287836824,0.11512605042016806,0.03665586659152416,0.20653250689581526
frozenset({'green tea'}),frozenset({'spaghetti'}),0.132,0.17413333333333333,0.026533333333333332,0.201010101010101,1.1543459093229385,1.0,0.0035477333333333305,1.033638432364096,0.15404209990042367,0.094897472579876,0.032543712879521715,0.17669188052036444
frozenset({'ground beef'}),frozenset({'eggs'}),0.09826666666666667,0.17973333333333333,0.02,0.20352781546811397,1.1323876973374294,1.0,0.0023382044444444465,1.029874843838728,0.12965054955887437,0.07751937984496124,0.02900822757003491,0.15740188992990267
frozenset({'chocolate'}),frozenset({'eggs'}),0.16386666666666666,0.17973333333333333,0.0332,0.20260374288039057,1.127246343919087,1.0,0.003747697777777781,1.0286813605442178,0.13500533788798963,0.10695876288659793,0.027881676138317508,0.19366092188529915
