RI,Na,Mg,Al,Si,K,Ca,Ba,Fe,Type
0.8798401714994396,0.2895581349674454,1.2572383177750566,-0.7063704702717293,-1.1332478946720979,-0.6734801275421994,-0.14346581626959318,-0.3538076426214914,-0.5883010828478235,1
-0.24381561836392857,0.596403322768771,0.6393107370112053,-0.18086272384980065,0.097036516974997,-0.02896223911766833,-0.7902006070721983,-0.3538076426214914,-0.5883010828478235,1
-0.7164120241005114,0.15454625233486066,0.6045957043840224,0.1829503313653806,0.4337459348994523,-0.16707321520863924,-0.8253492370071224,-0.3538076426214914,-0.5883010828478235,1
-0.22729126851296214,-0.2382155880508343,0.7017977957401339,-0.3223455786557046,-0.05836782975937829,0.10914873697330259,-0.5160412935797892,-0.3538076426214914,-0.5883010828478235,1
-0.3066081477974395,-0.1645727429785177,0.6531967500620783,-0.4234047606599218,0.5502991949502337,0.07845740895308696,-0.621487183384562,-0.3538076426214914,-0.5883010828478235,1
-0.7891191634446463,-0.7537155035570634,0.6462537435366417,0.34464502257212803,0.4078452104437292,0.21656838504405787,-0.621487183384562,-0.3538076426214914,2.0822000620794276,1
-0.30330327782723154,-0.12775132044235724,0.6393107370112053,-0.625523124668356,0.5632495571781044,0.12449440098341048,-0.5511899235147139,-0.3538076426214914,-0.5883010828478235,1
-0.2603399682148216,-0.31185843312315303,0.6462537435366417,-0.8074296522759464,0.7575049905960552,0.10914873697330259,-0.5019818416058198,-0.3538076426214914,-0.5883010828478235,1
0.2750489669553456,0.7805104354495646,0.6254247239603322,-0.16065088744895722,-0.744737027836178,0.09380307296319486,-0.45980348568391044,-0.3538076426214914,-0.5883010828478235,1
-0.26364483818502954,-0.4959655458039488,0.6393107370112053,-0.18086272384980065,0.4337459348994523,0.10914873697330259,-0.3895062258140623,-0.3538076426214914,0.5415263246213982,1
-0.8717409126993315,-0.8396321561414327,0.5421086456550938,0.22337400416706746,0.705703541684609,0.2626053770743816,-0.6074277314105926,-0.3538076426214914,1.8767768970850234,1
-0.23720587842351265,-0.7414416960450084,0.6809687761638245,-0.3627692514573915,0.4596466593551938,0.1551857290036263,-0.2770306100223048,-0.3538076426214914,-0.5883010828478235,1
-0.8122532532359552,-0.6432512359485841,0.5212796260787843,-0.10001537824642738,0.8093064395075198,0.2932967050945972,-0.6355466353585314,-0.3538076426214914,1.8767768970850234,1
-0.2867789279763385,-0.6677988509726919,0.6115387109094591,-0.3627692514573915,0.7186539039124614,0.06311174494297907,-0.40356567778803165,-0.3538076426214914,1.15779581960461,1
-0.23720587842351265,-0.9746440387740175,0.6323677304857686,-0.2819219058540178,0.8222568017353905,0.12449440098341048,-0.31920896594421416,-0.3538076426214914,-0.5883010828478235,1
-0.24381561836392857,-0.7291678885329557,0.5976526978585861,-0.4436165970607652,0.7575049905960552,0.12449440098341048,-0.39653595180104695,-0.3538076426214914,-0.5883010828478235,1
-0.16780360904958577,-0.888727386189646,0.6879117826892609,-0.5850994518666692,0.5891502816338275,0.17053139301373418,-0.17861444620451788,-0.3538076426214914,-0.5883010828478235,1
1.1938028186671412,1.1732722758352616,0.8128859001471185,-1.1308190346894411,-1.677163108242393,-0.5353691514512284,0.1377232232098006,-0.3538076426214914,-0.5883010828478235,1
0.2519148771640366,0.6086771302808237,0.7295698218418801,-0.5446757790649823,-0.6929355789247134,-0.6734801275421994,-0.04504965245180505,-0.3538076426214914,-0.5883010828478235,1
-0.32974223758874843,-0.4714179307798433,0.5976526978585861,0.48612787737803154,0.097036516974997,0.06311174494297907,-0.36138732186612355,-0.3538076426214914,0.13067999463259033,1
-0.2801691880359226,-0.7168940810209029,0.6045957043840224,0.08189114936116346,0.12293724143072009,0.06311174494297907,-0.30514951397024476,-0.3538076426214914,1.3632189845990137,1
0.4336827255243003,1.6764983838294358,0.7434558348927531,-2.3435292187400454,-0.8224392012033657,-0.7195171195725231,0.03227733340502778,-0.3538076426214914,-0.5883010828478235,1
-0.3264373676185405,-0.7659893110691162,0.6531967500620783,-0.3223455786557046,0.17473869034218464,0.1398400649935184,-0.17861444620451788,-0.3538076426214914,-0.5883010828478235,1
-0.276864318065788,-0.7291678885329557,0.6184817174348956,-0.20107456025064407,0.4725970215830461,0.18587705702384208,-0.2559414320613507,-0.3538076426214914,-0.5883010828478235,1
-0.3793152871415009,-0.029560860345932964,0.5698806717568399,-0.6053112882675126,0.25244086370935387,0.0017290889025474673,-0.3684170478531082,-0.3538076426214914,-0.5883010828478235,1
-0.23390100845330467,-0.5205131608280543,0.5976526978585861,-0.4840402698624521,0.446696297127323,0.23191404905416577,-0.2981197879832601,-0.3538076426214914,-0.5883010828478235,1
-0.13805977931793428,-0.2382155880508343,0.5559946587059669,-0.07980354184558396,-0.01951674307578447,0.1398400649935184,-0.3684170478531082,-0.3538076426214914,-0.5883010828478235,1
-0.37601041717136635,-0.6555250434606391,0.5559946587059669,-0.24149823305233092,0.4984977460387876,0.09380307296319486,-0.3684170478531082,-0.3538076426214914,-0.5883010828478235,1
-0.2206815285726196,-1.0360130763342812,0.583766684807713,-0.039379869043897106,0.6409517305452921,0.10914873697330259,-0.2910900619962754,-0.3538076426214914,-0.5883010828478235,1
-0.16780360904958577,-0.39777508570752457,0.5629376652314035,-0.3425574150565481,0.26539122593722464,0.1551857290036263,-0.32623869193119887,-0.3538076426214914,-0.5883010828478235,1
-0.2206815285726196,-0.9255488087258043,0.6115387109094591,-0.3021337422548612,0.5502991949502337,0.17053139301373418,-0.18564417219150256,-0.3538076426214914,0.8496610721130041,1
-0.2900837979464731,-0.6923464659967974,0.5698806717568399,-0.625523124668356,0.7963560772796491,0.09380307296319486,-0.2840603360092895,-0.3538076426214914,-0.5883010828478235,1
-0.19754743878131065,-0.6800726584847446,0.5559946587059669,-0.4436165970607652,0.4078452104437292,0.17053139301373418,-0.2770306100223048,-0.17274804547643027,1.6713537320906198,1
-0.27025457812537207,-1.0237392688222284,0.5490516521805304,-0.14043905104811424,0.9517604240140243,0.1551857290036263,-0.2840603360092895,-0.3538076426214914,0.027968412135388282,1
-0.17110847901979373,-0.8764535786775932,0.5976526978585861,-0.2212863966514875,0.3819444859880061,0.10914873697330259,-0.14346581626959318,-0.3538076426214914,-0.5883010828478235,1
-0.8849603925800166,-0.1400251279544122,0.5351656391296574,-0.4840402698624521,0.10998687920284934,0.09380307296319486,-0.2700008840353201,-0.3538076426214914,-0.5883010828478235,1
0.2453051372236941,0.596403322768771,0.5907096913331493,-0.2617100694531744,-1.094396807988504,0.017074752912655367,-0.12237663830863912,-0.13251257944419445,-0.5883010828478235,1
-0.12484029943717583,-0.8150845411173272,0.5559946587059669,-0.20107456025064407,0.39489484821585846,0.21656838504405787,-0.19267389817848726,-0.3538076426214914,-0.5883010828478235,1
1.2499856081603096,0.9891651631544681,0.7920568805708088,-1.9797161635248643,-1.1461982568999685,-0.59675180749166,0.43297171466316375,-0.3538076426214914,-0.5883010828478235,1
-0.13805977931793428,-0.7537155035570634,0.5698806717568399,-0.6659467974700425,0.48554738381091683,0.21656838504405787,-0.1294063642956238,-0.3538076426214914,-0.5883010828478235,1
-0.26364483818502954,-0.8519059636534855,0.5143366195533476,-0.5042521062632955,0.705703541684609,0.1398400649935184,-0.22079280212642602,-0.3538076426214914,-0.5883010828478235,1
-0.1843279589005522,-0.2382155880508343,0.4935075999770382,-0.24149823305233092,0.13588760365859082,0.1398400649935184,-0.2559414320613507,-0.3538076426214914,-0.5883010828478235,1
1.240070998249759,0.4000224025759224,0.8059428936216818,-1.4744202535037791,-1.1591486191278209,-0.5046778234310126,0.552477056441906,-0.3538076426214914,-0.5883010828478235,1
-0.16119386910924324,-0.82735834862938,0.5212796260787843,-0.5244639426641389,0.3819444859880061,0.18587705702384208,-0.1364360902826085,-0.3538076426214914,2.4930463920682353,1
0.21556130749196922,0.1054510222866496,0.5559946587059669,-0.20107456025064407,-0.9130917367984056,0.07845740895308696,0.03227733340502778,-0.3538076426214914,-0.5883010828478235,1
0.11311033841625627,-0.262763203074942,0.47962158692616513,-0.5446757790649823,0.08408615474712626,0.10914873697330259,-0.08722800837371443,-0.3538076426214914,1.055084237107408,1
2.75039657462489,0.7191413978893008,0.7087408022655707,-1.4946320899046226,-1.4052055014572546,-0.734862783582631,0.6087148643377848,-0.3538076426214914,0.4388147421241962,1
1.2830343078621689,-0.2382155880508343,0.7573418479436262,-1.3329373986978752,-0.8612902878869595,-0.5660604794714442,0.749309384077481,-0.3538076426214914,-0.5883010828478235,1
0.20895156755162667,0.21591528989512665,0.465735573875292,-0.4436165970607652,-0.744737027836178,0.1398400649935184,-0.03099020047783567,-0.3538076426214914,-0.5883010828478235,1
1.6036066949702863,0.38774859506386966,0.7226268153164437,-1.8988688179214905,-1.1720989813556917,-0.6274431355118759,0.777428288025421,-0.3538076426214914,1.055084237107408,1
0.3014879267168625,-0.25048939556288924,0.45184956082441896,-0.3425574150565481,-0.3821268854559812,0.1551857290036263,0.13069349722281592,-0.3538076426214914,0.5415263246213982,1
-0.08848672976510841,0.03180817721433085,0.13247126065433865,-0.5244639426641389,0.23949050148150156,0.07845740895308696,0.05336651136598185,-0.3538076426214914,-0.5883010828478235,1
0.007354499370261993,-0.3241322406352058,0.11164224107802889,-0.3425574150565481,0.25244086370935387,0.07845740895308696,0.08148541531392185,-0.3538076426214914,-0.5883010828478235,1
-0.18763282887076016,-0.2382155880508343,0.09081322150171943,-0.3223455786557046,0.42079557267159995,0.017074752912655367,0.04633678537899716,-0.3538076426214914,0.33610315962699416,1
-0.21737665860241165,-1.171024958966866,0.02138315624735408,-0.3223455786557046,1.353221653077815,0.09380307296319486,0.07445568932693716,-0.3538076426214914,1.8767768970850234,1
-2.0482746220855867,-0.5082393533160016,0.5490516521805304,-0.6659467974700425,0.42079557267159995,0.18587705702384208,-0.424654855748987,-0.3538076426214914,2.595757974565437,1
-0.03560881024214796,-0.6555250434606391,0.5559946587059669,-0.3223455786557046,0.3819444859880061,0.1551857290036263,-0.3684170478531082,-0.3538076426214914,-0.5883010828478235,1
-0.2669497081552375,0.09317721477459684,0.7365128283673168,-0.5648876154658258,0.4337459348994523,0.1398400649935184,-0.649606087332502,-0.3538076426214914,-0.5883010828478235,1
-0.2669497081552375,-0.0172870528338802,0.6809687761638245,-0.5244639426641389,0.17473869034218464,0.10914873697330259,-0.4808926636448657,-0.3538076426214914,0.5415263246213982,1
0.23208565734293563,0.24046290491923217,0.6531967500620783,-0.6861586338708859,-0.01951674307578447,-0.5507148154613364,-0.1364360902826085,-0.3538076426214914,-0.5883010828478235,1
0.47003629519636775,0.4982128626723467,0.6254247239603322,-0.2617100694531744,-1.2109500680392855,-0.5814061434815522,-0.19970362416547194,1.0343159354906437,-0.5883010828478235,1
1.1144859393826638,0.12999863731075512,0.8198289066725549,-1.1510308710902846,-1.120297532444227,-0.41260383937036543,0.4118825367022085,-0.3538076426214914,0.5415263246213982,1
1.2962537877429274,0.9400699331062549,0.7851138740453724,-1.3531492350987184,-1.6901134704702636,-0.7655541116028468,0.5173284265069813,-0.3538076426214914,-0.5883010828478235,1
1.1144859393826638,0.09317721477459684,0.7365128283673168,-1.1106071982885977,-0.835389563431218,-0.48933215942090486,0.4610906186111025,-0.3538076426214914,0.13067999463259033,1
0.8732304315590971,0.3509271725277092,0.6323677304857686,-0.6659467974700425,-0.9001413745705532,-0.6274431355118759,0.3134663728844216,-0.3538076426214914,-0.5883010828478235,1
1.0483885399789448,-0.43459650824368284,0.6740257696383878,-1.171242707491128,-0.5634319566460796,-0.47398649541079696,0.6298040422987388,-0.3538076426214914,1.15779581960461,1
1.0483885399789448,-0.43459650824368284,0.6740257696383878,-1.171242707491128,-0.43392833436744577,-0.47398649541079696,0.6298040422987388,-0.3538076426214914,1.15779581960461,1
1.0483885399789448,-0.34867985565931353,0.6254247239603322,-1.1106071982885977,-0.5893326811018027,-0.41260383937036543,0.6087148643377848,-0.3538076426214914,1.055084237107408,1
1.5375092955664942,-0.11547751293030448,0.6254247239603322,-1.272301889495345,-0.8612902878869595,-0.5814061434815522,0.8547552738822538,-0.3538076426214914,-0.2801663353562176,1
-0.8618263027887076,1.7869626514379129,0.6879117826892609,0.5871870593822487,-1.0166946346213164,-0.5200234874411206,-1.1205977284604856,-0.3538076426214914,0.6442379071186001,2
0.043708069042329406,0.2895581349674454,0.8267719131979916,-0.3627692514573915,-0.9001413745705532,0.06311174494297907,-0.44574403370994103,-0.3538076426214914,2.6984695570626394,2
-0.7990337733551968,-0.3855012781954718,0.6323677304857686,0.14252665856369373,0.5761999194059568,0.2626053770743816,-0.7902006070721983,-0.3538076426214914,-0.5883010828478235,2
-0.6734487144881014,-0.07865609039414619,0.6184817174348956,0.24358584056791088,0.27834158816509535,0.17053139301373418,-0.7480222511502895,-0.3538076426214914,-0.5883010828478235,2
-0.7891191634446463,-0.4714179307798433,0.6115387109094591,0.1829503313653806,0.5891502816338275,0.3393336971249209,-0.7409925251633042,-0.3538076426214914,-0.5883010828478235,2
-0.8089483832657473,-0.4714179307798433,0.6254247239603322,0.12231482216285032,0.6021006438616983,0.2932967050945972,-0.6988141692413955,-0.3538076426214914,-0.5883010828478235,2
-0.6271805349054835,0.04408198472638361,0.6462537435366417,0.1829503313653806,-0.3432757987723874,0.24725971306427366,-0.649606087332502,-0.3538076426214914,-0.5883010828478235,2
-0.68666819436886,-0.4959655458039488,0.6254247239603322,0.1829503313653806,0.2265401392536308,0.17053139301373418,-0.6425763613455173,-0.3538076426214914,-0.5883010828478235,2
-0.7329363739514778,0.6332247453049293,0.583766684807713,-0.4031929242590783,0.2912919503929477,-0.19776454322885503,-0.7128736212153648,-0.3538076426214914,0.8496610721130041,2
-0.8089483832657473,-0.7168940810209029,0.583766684807713,0.910576441795743,0.26539122593722464,0.2932967050945972,-0.6917844432544108,-0.3538076426214914,-0.5883010828478235,2
-0.8023386433254047,-0.6677988509726919,0.583766684807713,1.3552368426142984,0.006383981379938614,0.2932967050945972,-0.6917844432544108,-0.3538076426214914,-0.5883010828478235,2
-0.7990337733551968,-0.18912035800262322,0.5351656391296574,-0.039379869043897106,0.6668524550010152,0.17053139301373418,-0.7691114291112436,-0.3538076426214914,-0.5883010828478235,2
-0.623875664935349,0.007260562190225324,0.6045957043840224,-0.4031929242590783,0.20063941479790773,0.2779510410844895,-0.600398005423608,-0.3538076426214914,-0.5883010828478235,2
-0.7957289033849888,-0.3855012781954718,0.583766684807713,0.20316216776622403,0.27834158816509535,0.2779510410844895,-0.6355466353585314,-0.3538076426214914,0.33610315962699416,2
-1.4071298478694987,1.0382603932026793,0.2852174042139421,1.2743894970109249,-0.48572978327889194,0.9224689295090207,-1.3174300560960612,-0.3538076426214914,-0.5883010828478235,2
-0.6932779343092025,-0.05410847537004067,0.6254247239603322,0.08189114936116346,0.08408615474712626,-0.07499923114799194,-0.5230710195667738,-0.3538076426214914,-0.5883010828478235,2
-0.878350652639674,-0.20139416551467598,0.5629376652314035,0.04146747655947661,0.770455352823926,-0.18241887921874714,-0.649606087332502,-0.3538076426214914,-0.5883010828478235,2
-0.6271805349054835,-0.005013245321827438,0.5629376652314035,0.14252665856369373,-0.006566380847913725,0.2626053770743816,-0.6144574573975773,-0.3538076426214914,0.4388147421241962,2
-0.7164120241005114,-0.48369173829189605,0.5698806717568399,0.06167931296032003,0.30424231262081847,0.1551857290036263,-0.5863385534496386,-0.3538076426214914,-0.5883010828478235,2
-0.6437048847564499,-1.048286883846334,0.5559946587059669,0.8499409325932132,0.7445546283682029,0.20122272103394998,-0.6144574573975773,-0.3538076426214914,0.33610315962699416,2
0.02057397925102045,-0.5818821983883203,0.7365128283673168,-0.6861586338708859,-0.48572978327889194,0.21656838504405787,0.0041584294570890246,-0.3538076426214914,1.6713537320906198,2
-0.7593753337129947,-0.6187036209244786,0.5282226326042208,0.0010438037577897496,0.5243984704945107,-0.09034489515809983,-0.4808926636448657,-0.3538076426214914,-0.5883010828478235,2
-0.8155581232061632,-0.34867985565931353,0.5073936130279113,0.2637976769687543,0.7834057150517967,-0.6581344635320916,-0.39653595180104695,-0.3538076426214914,1.3632189845990137,2
-0.8089483832657473,-0.20139416551467598,0.45879256734985535,0.04146747655947661,0.5761999194059568,-0.16707321520863924,-0.5160412935797892,-0.3538076426214914,-0.5883010828478235,2
-0.6800584544285174,-0.8519059636534855,0.45184956082441896,0.08189114936116346,0.8093064395075198,0.2626053770743816,-0.5019818416058198,-0.3538076426214914,-0.5883010828478235,2
0.0833665086845314,-0.05410847537004067,0.5212796260787843,-0.039379869043897106,-0.511630507734615,0.017074752912655367,-0.24891170607436602,-0.3538076426214914,-0.5883010828478235,2
0.02057397925102045,-0.4714179307798433,0.6531967500620783,-0.787217815875103,-0.4080276099117043,0.21656838504405787,0.12366377123583124,-0.3538076426214914,0.9523726546102059,2
-0.30330327782723154,-1.4778701467681916,0.39630550862092667,-0.5850994518666692,1.1589662196598458,0.18587705702384208,-0.03801992646482036,-0.3538076426214914,1.8767768970850234,2
-0.48176625621728725,-0.9010011937016987,0.13941426717977504,0.5265515501797184,0.7186539039124614,0.3546793611350288,-0.2910900619962754,-0.3538076426214914,-0.5883010828478235,2
-0.0785721198545579,-0.5450607758521598,0.19495831938326733,-0.039379869043897106,0.3430933993044123,0.1551857290036263,-0.11534691232165444,-0.07215938039584073,-0.5883010828478235,2
-0.5941318352036241,-0.8028107336052744,0.11858524760346557,-0.019168032643053678,0.7963560772796491,0.10914873697330259,-0.11534691232165444,-0.13251257944419445,1.6713537320906198,2
-0.3462665874396415,-1.2937630340873958,0.028326162772790767,0.364856858972971,0.27834158816509535,0.3086423691047051,0.19396103110567936,-0.3538076426214914,-0.5883010828478235,2
-0.04882829012290642,-0.9623702312619647,0.0560981888745366,-1.2520900530945016,1.4956756375843194,-0.22845587124907085,0.32752582485839093,-0.3538076426214914,1.4659305670962157,2
2.9420790328957045,0.48593905516029395,0.3268754433665613,-1.5956912719088394,-2.7002417242436665,-0.6427887995219836,1.8881249939690257,-0.3538076426214914,-0.5883010828478235,2
1.9010449922870214,0.5227604776964523,0.1533002802306481,-0.5648876154658258,-1.9491207150275314,-0.6427887995219836,1.2905982850753133,-0.3538076426214914,-0.5883010828478235,2
2.1158615403491448,-2.3984057101721685,-1.8601716121459453,0.8701527689940562,-0.6022830433296734,0.47744467321589196,3.0128811518865994,-0.3538076426214914,2.9038927220570434,2
4.26402702097023,-3.282119851039985,-1.8601716121459453,1.3148131698126115,-3.6844692535613275,0.12449440098341048,3.055059507808509,5.983278257455647,2.2876232270738317,2
5.1497321729801655,-1.3551320716476596,-1.8601716121459453,-0.9084888342801636,-3.2312065755860906,-0.5814061434815522,5.086650318047128,-0.3538076426214914,1.8767768970850234,2
1.279729437891961,1.2591889284196331,-1.8601716121459453,-0.9084888342801636,0.019334343607809355,-0.612097471501768,1.8037682821252068,-0.3538076426214914,0.23339157712979225,2
-0.055438030063248954,0.38774859506386966,-1.8601716121459453,-1.7978096359172735,2.3244988201676238,-0.7655541116028468,1.4311928048150109,-0.3538076426214914,-0.5883010828478235,2
2.7404819647143395,-2.6684294754373337,-1.8601716121459453,-1.3733610714995619,0.7186539039124614,-0.7655541116028468,4.025161694012416,-0.3538076426214914,-0.5883010828478235,2
2.988347212478322,-2.9261794331904483,-1.8601716121459453,-1.4137847443012488,0.5502991949502337,-0.7655541116028468,4.221994021647992,-0.3538076426214914,-0.5883010828478235,2
3.1139322713454174,-0.937822616237857,-1.8601716121459453,-1.575479435507996,-0.8224392012033657,-0.6734801275421994,3.828329366376841,-0.3538076426214914,-0.5883010828478235,2
0.18912234773052566,0.06862959975049132,0.7989998870962455,-0.3829810878582349,-0.13607000312656595,0.10914873697330259,-0.5230710195667738,-0.3538076426214914,0.8496610721130041,2
0.04040319907212145,-0.37322747068341905,0.8962019784523569,-0.5244639426641389,-0.2785239876330705,0.1551857290036263,-0.3684170478531082,-0.3538076426214914,-0.5883010828478235,2
0.037098329101913484,0.007260562190225324,0.8406579262488647,-0.24149823305233092,-0.3562261610002581,0.017074752912655367,-0.47386293765788107,-0.3538076426214914,-0.5883010828478235,2
-0.019084460391254922,-0.20139416551467598,0.847600932774301,-0.07980354184558396,-0.42097797213957505,0.07845740895308696,-0.45277375969692574,-0.3538076426214914,0.4388147421241962,2
-0.4189737267837763,0.38774859506386966,0.6948547892146976,0.7286699141881526,-0.770637752291901,0.21656838504405787,-0.7550519771372742,-0.3538076426214914,-0.5883010828478235,2
-0.5346441757403211,-0.12775132044235724,0.6670827631129514,0.16273849496453716,-0.16197072758228903,0.23191404905416577,-0.649606087332502,-0.3538076426214914,2.390334809571033,2
-0.6040464451141746,0.19136767487102113,0.6184817174348956,0.04146747655947661,-0.26557362540519974,0.21656838504405787,-0.6988141692413955,-0.3538076426214914,-0.5883010828478235,2
0.030488589161570948,-0.18912035800262322,0.7503988414181896,-0.2617100694531744,-0.3303254365445166,0.12449440098341048,-0.3754467738400929,-0.3538076426214914,-0.5883010828478235,2
-0.5676928754421805,-0.5818821983883203,0.5976526978585861,0.34464502257212803,0.39489484821585846,0.21656838504405787,-0.649606087332502,-0.3538076426214914,1.5686421495934177,2
-0.48837599615770316,-0.21366797302672877,0.5976526978585861,0.06167931296032003,0.23949050148150156,0.09380307296319486,-0.600398005423608,-0.3538076426214914,-0.5883010828478235,2
-0.42227859675398427,0.09317721477459684,0.5559946587059669,0.5265515501797184,-0.17492108981015977,0.18587705702384208,-0.6777249912804407,-0.3538076426214914,-0.5883010828478235,2
1.1310102892336302,-0.25048939556288924,0.6948547892146976,-0.6053112882675126,0.12293724143072009,0.06311174494297907,-0.30514951397024476,-0.3538076426214914,-0.5883010828478235,2
0.12302494832680677,-0.5818821983883203,0.6809687761638245,0.22337400416706746,-0.1878714520380121,0.12449440098341048,-0.2840603360092895,-0.3538076426214914,0.6442379071186001,2
-0.5544733955614221,-0.5696083908762676,0.6462537435366417,-0.3829810878582349,0.12293724143072009,0.09380307296319486,-0.24891170607436602,-0.3538076426214914,-0.5883010828478235,2
0.8137427720957207,0.46139144013618627,-0.2771661243464168,-0.039379869043897106,-0.8612902878869595,-0.013616575107560432,0.6298040422987388,-0.3538076426214914,1.15779581960461,2
0.7707794624833108,0.17909386735896834,-0.4090832483297108,0.4457042045763447,-0.6152334055575257,0.047766080932871165,0.43297171466316375,0.189371148813692,1.15779581960461,2
0.6121457039143561,0.706867590377248,-0.9228657312120139,0.364856858972971,-1.1591486191278209,-0.16707321520863924,1.1289145873746629,-0.3538076426214914,1.2605074021018117,2
1.1310102892336302,0.42457001760002794,-1.158927953076856,-0.18086272384980065,-0.6022830433296734,-0.25914719926928653,1.5366386946197836,-0.3538076426214914,-0.5883010828478235,2
2.5752384662050423,0.363200980039762,-1.8601716121459453,-0.18086272384980065,-1.8325674549767683,-0.47398649541079696,3.1534756716262957,-0.3538076426214914,0.4388147421241962,2
-0.07196237991421538,0.03180817721433085,0.9031449849777933,-0.5446757790649823,-0.21377217649375357,0.12449440098341048,-0.5652493754886833,-0.3538076426214914,-0.5883010828478235,2
-0.11492568952662532,0.3754747875518169,0.8684299523506108,0.1829503313653806,-1.094396807988504,0.06311174494297907,-0.5230710195667738,-0.3538076426214914,0.9523726546102059,2
-0.0785721198545579,-0.09092989790619896,0.8128859001471185,-0.4031929242590783,0.1617883281143139,0.03242041692276326,-0.5863385534496386,-0.3538076426214914,-0.5883010828478235,2
-0.15127925919869273,-0.262763203074942,0.847600932774301,-0.3021337422548612,-0.42097797213957505,0.07845740895308696,-0.36138732186612355,-0.3538076426214914,2.2876232270738317,2
-0.09509646970552432,-0.4959655458039488,0.7781708675199357,-0.7467941430734162,0.537348832722363,0.09380307296319486,-0.40356567778803165,-0.3538076426214914,0.6442379071186001,2
-0.4090591168732258,-0.6309774284365314,0.6531967500620783,0.24358584056791088,0.39489484821585846,0.17053139301373418,-0.5933682794366233,-0.3538076426214914,-0.5883010828478235,2
-0.5313393057701131,-0.7537155035570634,0.583766684807713,0.1829503313653806,0.9129093373304304,0.24725971306427366,-0.7409925251633042,-0.3538076426214914,-0.5883010828478235,2
-0.5313393057701131,-0.6555250434606391,0.6115387109094591,0.38506869537381444,0.6280013683174214,0.23191404905416577,-0.6777249912804407,-0.3538076426214914,-0.5883010828478235,2
-0.4784613862471527,-0.09092989790619896,0.5976526978585861,0.3244331861712846,-0.1490203653544183,0.2779510410844895,-0.5933682794366233,-0.3538076426214914,-0.5883010828478235,2
0.05362267895287991,-0.25048939556288924,0.6601397565875148,-0.7670059794742596,0.2265401392536308,0.10914873697330259,-0.3824764998270776,-0.17274804547643027,1.15779581960461,2
-0.5709977454123152,-0.6800726584847446,0.5768236782822763,-0.019168032643053678,0.4596466593551938,0.2779510410844895,-0.5090115675928045,-0.23310124452478398,1.9794884795822254,2
-0.41566885681356835,-0.4959655458039488,0.5490516521805304,0.6882462413864658,0.08408615474712626,0.24725971306427366,-0.5441601975277292,-0.3538076426214914,-0.5883010828478235,2
-0.5776074853527311,-0.5082393533160016,0.3477044629428711,-0.4436165970607652,0.4078452104437292,0.12449440098341048,-0.10128746034768381,-0.3538076426214914,1.8767768970850234,2
0.01396423931060453,-0.6800726584847446,0.6879117826892609,-0.4234047606599218,-0.11016927867084286,0.18587705702384208,-0.19267389817848726,-0.3538076426214914,3.0066043045542448,2
-0.21737665860241165,0.3018319424794982,0.6809687761638245,-0.6861586338708859,0.14883796588644316,-0.59675180749166,-0.24891170607436602,-0.3538076426214914,-0.5883010828478235,3
-0.7428509838620283,-0.09092989790619896,0.5907096913331493,-0.2212863966514875,0.019334343607809355,0.09380307296319486,-0.43871430772295633,-0.3538076426214914,-0.5883010828478235,3
-0.5445587856508716,-0.20139416551467598,0.6184817174348956,-0.14043905104811424,0.05818543029140318,0.09380307296319486,-0.36138732186612355,-0.3538076426214914,0.4388147421241962,3
-0.6337902748458994,-1.5269653768164027,0.583766684807713,-0.20107456025064407,0.30424231262081847,0.10914873697330259,-0.2981197879832601,-0.3538076426214914,-0.5883010828478235,3
-0.5610831355017646,-0.3241322406352058,0.5351656391296574,0.6276107321839356,-0.22672253872160592,0.1551857290036263,-0.40356567778803165,-0.3538076426214914,1.15779581960461,3
0.9657667907242595,1.1241770457870506,0.847600932774301,-1.2520900530945016,-1.4958580370522945,-0.7655541116028468,0.376733906767285,-0.3538076426214914,-0.5883010828478235,3
-0.1843279589005522,0.2895581349674454,0.6740257696383878,-1.6159031083096829,0.446696297127323,-0.6734801275421994,-0.01693074850386629,-0.3538076426214914,-0.5883010828478235,3
-0.7428509838620283,0.019534369702278086,0.5004506065024745,-0.4638284334616086,0.04523506806353244,0.1398400649935184,-0.44574403370994103,-0.3538076426214914,-0.5883010828478235,3
-0.46524190636639423,-0.6677988509726919,0.6254247239603322,-0.2819219058540178,-0.05836782975937829,0.17053139301373418,-0.11534691232165444,-0.3538076426214914,-0.5883010828478235,3
-0.623875664935349,-0.44687031575573777,0.5004506065024745,-0.3829810878582349,0.4596466593551938,0.03242041692276326,-0.2629711580483354,-0.3538076426214914,-0.5883010828478235,3
-0.5941318352036241,0.007260562190225324,0.4935075999770382,-0.3425574150565481,-0.01951674307578447,0.03242041692276326,-0.21376307613944132,-0.3538076426214914,-0.5883010828478235,3
0.9459375709031586,0.7682366279375118,0.7503988414181896,-1.7573859631155868,-1.120297532444227,-0.59675180749166,0.48920952255904254,-0.3538076426214914,-0.5883010828478235,3
-0.1942425688111027,0.15454625233486066,0.5073936130279113,0.14252665856369373,-0.7965384767476241,0.12449440098341048,-0.11534691232165444,-0.3538076426214914,-0.5883010828478235,3
-0.12814516940738377,0.11772482979870237,0.4726785804007284,0.364856858972971,-0.9260420990262763,0.10914873697330259,-0.10128746034768381,-0.3538076426214914,0.33610315962699416,3
-0.009169850480704424,-0.09092989790619896,0.45879256734985535,0.1829503313653806,-0.6670348544689904,0.09380307296319486,0.02524760741804309,-0.3538076426214914,-0.5883010828478235,3
0.32792688647830603,0.2895581349674454,0.5976526978585861,-1.4137847443012488,-0.006566380847913725,-0.5200234874411206,-0.04504965245180505,-0.05204164737972287,1.8767768970850234,3
1.243375868219967,0.9646175481303604,0.7642848544690626,-1.0903953618877542,-1.677163108242393,-0.41260383937036543,0.13069349722281592,-0.3538076426214914,3.212027469548649,3
-1.0601185009999379,0.7436890129134063,0.000554136671044625,4.144470265930689,-3.580866355738417,1.8125174420952777,-2.1680269005212267,4.072093620924448,-0.5883010828478235,5
0.2651343570447951,-0.82735834862938,-0.5757154049401874,0.8297290961923698,0.04523506806353244,0.1551857290036263,0.7985174659863751,-0.3538076426214914,-0.5883010828478235,5
1.1111810694124558,-2.2633938275395837,-0.5548863853638779,0.22337400416706746,0.26539122593722464,-0.04430790312777623,1.726441296268374,-0.3538076426214914,-0.5883010828478235,5
1.045083670008737,-2.9139056256783955,-0.6729174962962988,0.22337400416706746,1.0165122351533413,0.12449440098341048,1.874065541995055,-0.3538076426214914,-0.5883010828478235,5
0.4435973354348508,-0.937822616237857,-1.8601716121459453,0.40528053177465784,1.4179734642171318,-0.18241887921874714,1.8107980081121915,-0.3538076426214914,-0.5883010828478235,5
-0.55777826553163,-0.6677988509726919,-1.8601716121459453,0.7690935869898395,1.5863281731793595,0.722975297377618,0.8547552738822538,-0.3538076426214914,-0.5883010828478235,5
0.5262190846895362,-0.1645727429785177,-1.8601716121459453,0.6276107321839356,0.48554738381091683,-0.04430790312777623,1.6631737623855105,-0.3538076426214914,-0.5883010828478235,5
1.7655453235093757,0.04408198472638361,-1.8601716121459453,0.2637976769687543,-0.5634319566460796,-0.27449286327939443,2.309908553188116,-0.3538076426214914,-0.5883010828478235,5
-1.7144827550967843,-0.4714179307798433,-1.8601716121459453,3.214725791491892,-2.8167949842944293,8.76410323867415,-1.4017867679398792,-0.3538076426214914,-0.5883010828478235,5
-1.6979584052458914,-0.4959655458039488,-1.8601716121459453,3.174302118690205,-2.5318870152814204,8.76410323867415,-1.422875945900834,-0.3538076426214914,-0.5883010828478235,5
0.6881577132286254,-0.029560860345932964,-1.8601716121459453,-0.10001537824642738,-0.5245808699624858,-0.25914719926928653,2.492681428849721,-0.3538076426214914,-0.5883010828478235,5
0.7377307627814513,-0.6800726584847446,-0.7423475615506641,1.4562960246185153,-0.6152334055575257,0.4007163531653525,0.524358152493966,0.12901794976533823,4.649989624509477,5
0.939327830962816,-0.5327869683401071,-1.6310523968065398,0.12231482216285032,0.9517604240140243,-0.5660604794714442,1.6280251324505859,-0.3538076426214914,2.2876232270738317,5
0.23208565734293563,0.7314152054013535,-0.20079305256661475,0.22337400416706746,-0.36917652322811045,-0.7655541116028468,0.43297171466316375,-0.3538076426214914,-0.5883010828478235,6
0.3378414963889299,0.47366524764823903,-0.18690703951574167,-0.5244639426641389,0.13588760365859082,-0.7655541116028468,0.57356623440286,-0.3538076426214914,-0.5883010828478235,6
-0.019084460391254922,1.2960103509557936,-0.30493815044816264,0.34464502257212803,-0.3562261610002581,-0.7655541116028468,0.21505020906663344,-0.3538076426214914,-0.5883010828478235,6
0.056927548923087865,0.8418794730098306,-0.3396531830753455,0.4254923681755013,0.019334343607809355,-0.7655541116028468,0.2572285649885428,-0.3538076426214914,-0.5883010828478235,6
-1.7706655445899526,1.2223675058834749,-0.6520884767199893,0.1829503313653806,2.4540024424462574,-0.7655541116028468,-0.9589140307598346,-0.3538076426214914,-0.5883010828478235,6
0.17590286784976722,1.9465221490946032,-1.318617103161896,0.5871870593822487,-0.20082181426588283,-0.7655541116028468,0.7001013021685869,-0.3538076426214914,-0.5883010828478235,6
0.26843922701500306,0.9155223180821493,-1.8601716121459453,1.2946013334117679,0.10998687920284934,-0.7655541116028468,1.353865818958178,-0.3538076426214914,-0.5883010828478235,6
0.4435973354348508,1.4187484260763235,-1.8601716121459453,-1.7978096359172735,1.0683136840648058,-0.7655541116028468,1.5928765025156624,-0.3538076426214914,-0.5883010828478235,6
-2.378761619104255,4.879962144475274,-1.8601716121459453,-2.2424700367358286,3.5677335940425707,-0.7655541116028468,-1.619708273536409,-0.3538076426214914,-0.5883010828478235,6
-2.3258836995812944,0.3509271725277092,0.36159047599374416,0.7286699141881526,0.20063941479790773,1.9352827541761408,-2.47733484394856,2.0402025862965387,-0.5883010828478235,7
0.010659369340469953,1.1241770457870506,0.40324851514636306,1.5573552066227327,-1.8196170927488975,1.4749128338729043,-2.224264708417105,2.925382839005726,-0.5883010828478235,7
1.58708234511932,0.04408198472638361,0.45879256734985535,-0.4436165970607652,-0.3562261610002581,0.1551857290036263,-0.08722800837371443,-0.3538076426214914,-0.5883010828478235,7
1.3623511871466463,1.7869626514379129,-0.33271017654990875,1.233965824209238,-3.1017029533074383,0.4007163531653525,0.5665365084158753,-0.3538076426214914,-0.5883010828478235,7
1.7523258436286173,2.928426750058844,-0.5896014179910605,-0.2819219058540178,-2.881546795433746,-0.2898385272895024,-0.24188198008738132,3.025971504086316,-0.5883010828478235,7
-0.7329363739514778,0.5841295152567182,-0.6243164506182431,0.6882462413864658,0.5761999194059568,-0.7655541116028468,-0.19970362416547194,1.1751400666034693,-0.5883010828478235,7
-0.7692899436235452,1.7746888439258601,-1.8601716121459453,1.8807445890362267,0.8093064395075198,-0.7655541116028468,-0.1364360902826085,0.9337272704100543,0.33610315962699416,7
-0.6998876742496184,0.9768913556424131,-1.8601716121459453,2.7094298814708067,1.0424129596090643,-0.7041714555624152,0.060396237352966536,0.45090167802322473,0.33610315962699416,7
-0.3826201571117089,1.6519507688053303,-1.8601716121459453,1.1126948058041775,0.4725970215830461,-0.7655541116028468,-0.2981197879832601,2.844911906941255,0.23339157712979225,7
-0.5015954760384617,1.4187484260763235,-1.8601716121459453,1.0722711330024906,0.8222568017353905,-0.7655541116028468,-0.30514951397024476,2.8046764409090192,0.13067999463259033,7
-0.9576675319241514,0.9032485105700966,-1.8601716121459453,2.4870996810615296,0.9517604240140243,-0.6427887995219836,0.08148541531392185,0.8733740713617005,-0.07474317036181363,7
-0.9213139622520841,0.5718557077446633,-1.8601716121459453,2.2041339714497217,0.7445546283682029,-0.5507148154613364,0.3204960988714063,1.2757287316840589,-0.4855895003506215,7
-0.3561811973502654,1.5905817312450643,-1.8601716121459453,1.799897243432853,0.8093064395075198,-0.7655541116028468,-0.0028712965298969134,0.9739627364422901,-0.5883010828478235,7
-1.0039357115067693,1.1978198908593694,-1.8601716121459453,2.4466760082598427,0.5761999194059568,-0.7041714555624152,0.08851514130090654,0.9337272704100543,-0.5883010828478235,7
-0.7461558538322363,1.9710697641187087,-1.8601716121459453,2.143498462247191,0.5114481082666399,-0.6888257915523074,-0.08722800837371443,0.7124322072327575,-0.5883010828478235,7
-1.0799477208210388,2.142903069287452,-1.8601716121459453,1.6179907158252627,1.0942144085205288,-0.7655541116028468,-0.4316845817359717,0.9136095373939364,-0.5883010828478235,7
-0.60074157514404,-1.7847153345695173,-1.8601716121459453,-0.5244639426641389,3.2698752628017096,3.3777751711262827,-0.01693074850386629,-0.3538076426214914,-0.5883010828478235,7
-1.0601185009999379,1.7746888439258601,-1.8601716121459453,1.9615919346396005,1.379122377533538,-0.7655541116028468,-0.39653595180104695,0.7727854062811111,-0.5883010828478235,7
-0.5842172252930736,1.7133198063655963,-1.8601716121459453,1.092482969403334,0.5891502816338275,-0.7655541116028468,-0.47386293765788107,3.08632470313467,-0.5883010828478235,7
-0.7197168940707194,1.89742691904639,-1.8601716121459453,1.6584143886269493,0.8352071639632428,-0.7655541116028468,-0.17158472021753193,0.9940804694584081,-0.5883010828478235,7
-0.339656847499299,1.89742691904639,-1.8601716121459453,0.7084580777873093,0.4337459348994523,-0.7655541116028468,-0.24188198008738132,2.7644409748767833,-0.5883010828478235,7
-0.6271805349054835,1.8851531115343372,-1.8601716121459453,0.8499409325932132,0.5891502816338275,-0.7655541116028468,-0.19970362416547194,2.4224395136027788,-0.5883010828478235,7
-0.012474720450839003,1.210093698371422,-1.8601716121459453,0.7488817505889961,0.26539122593722464,1.398184513822365,-1.7462433413021365,5.440099466020464,-0.5883010828478235,7
-0.6437048847564499,1.1855460833473146,-1.8601716121459453,2.6083706994665903,0.25244086370935387,-0.7655541116028468,0.34861500281934504,0.7325499402488753,-0.5883010828478235,7
-0.6998876742496184,0.9032485105700966,-1.8601716121459453,2.8913364090783973,-0.05836782975937829,-0.6427887995219836,0.15881240117075468,1.7786720570870063,-0.5883010828478235,7
-0.49498573609804575,1.8606054965102317,-1.8601716121459453,1.092482969403334,0.5243984704945107,-0.7655541116028468,-0.3895062258140623,2.844911906941255,-0.5883010828478235,7
0.7608648525727603,1.1732722758352616,-1.8601716121459453,1.1531184786058641,0.9906115106976181,-0.7655541116028468,-0.36138732186612355,2.945500572021844,-0.5883010828478235,7
-0.6073513150843826,1.1978198908593694,-1.8601716121459453,0.9914237873991167,1.2366683930270335,-0.7655541116028468,-0.3332684179181835,2.8046764409090192,-0.5883010828478235,7
-0.4090591168732258,1.0137127781785735,-1.8601716121459453,1.2743894970109249,0.9129093373304304,-0.7655541116028468,-0.23485225410039665,3.005853771070198,-0.5883010828478235,7
-0.2536476410565813,-0.8099191926694955,0.6076911240963383,-0.08931972523231083,0.3134691976332133,0.11100294235292776,-0.25187011846431884,-0.3538076426214914,1.1342580467256325,1
-0.21539423402006042,-1.121942044055511,0.07483089620098993,-0.334469638511914,1.2587077228091492,0.10147398030110431,0.03931587613831534,-0.3357062246388724,1.8562397334576402,1
0.7827670360611417,1.4453923513248155,0.7753415154299382,-1.7865934104390826,-1.2149702084477758,-0.6349473692550527,0.08070324146022462,-0.3538076426214914,-0.5883010828478235,1
-0.23169156058479584,-0.9951234150651915,0.6161491430326405,-0.20098353960728288,0.7617537382360813,0.1193734207595913,-0.30982544556099595,-0.3538076426214914,-0.5883010828478235,1
-0.11209208051744615,-0.7922887834178928,0.5559946587059669,-0.21840016475632817,0.39304467117342873,0.20779884029996443,-0.21778176274407973,-0.3538076426214914,-0.5883010828478235,1
-0.30445704602923634,-0.14060610349215175,0.6441585042320478,-0.554961273964292,0.558728436444867,0.10842235639486275,-0.5757315072553879,-0.3538076426214914,-0.5883010828478235,1
-0.27681339523297127,-0.7286646236822061,0.6049873703453178,0.06022769883939247,0.14704540404486208,0.06917145690918576,-0.2984080289383326,-0.3538076426214914,1.3342483718338165,1
-0.621233831034303,-0.010633283115856883,0.5112213288305937,-0.32045745910033574,-0.012436673032251443,0.04360655201761179,-0.2547573085263275,-0.3538076426214914,-0.5883010828478235,3
-0.6044716954491894,-0.3868173765601124,0.5293255710196227,-0.32364594603432295,0.3614337504648862,0.047436983327451075,-0.28704754956666595,-0.3538076426214914,-0.33702891598624757,3
-0.05975290624185152,-0.002219114682089088,0.4646962873716961,0.2602889601860514,-0.7771533060283109,0.10032737216506103,-0.028549519971703435,-0.3538076426214914,-0.19528518875502576,3
-0.15575824000994376,0.10350153345925336,0.49728743077248355,0.1509324243053161,-0.7696092781835512,0.1181123951992538,-0.08611145409682733,-0.3538076426214914,-0.5883010828478235,3
-0.5517022566744004,-0.25445379515328626,0.5824642040962171,0.19158861846102748,-0.0649801913143927,0.12033877504701158,-0.37962101130425613,-0.3538076426214914,0.7496300262226083,3
1.234683013988026,0.9696138813445463,0.7668937551952847,-1.0954585550420224,-1.6714858495245415,-0.42365587446705016,0.1383978325227673,-0.3538076426214914,3.0930266701602487,3
-0.6271382985353958,-0.09092989790619896,0.5699043523893446,-0.15753210997532688,-0.08891652917792325,0.09380307296319486,-0.36554044969715743,-0.3538076426214914,-0.5883010828478235,3
-0.3391459727943692,-0.09092989790619896,0.5181228391235937,0.0011431920799244155,-0.35833747061625826,0.09380307296319486,-0.18342118164277388,-0.3538076426214914,-0.5883010828478235,3
-0.34299447067315597,-0.23198227986966274,0.5049868017916851,0.4519030698598222,-0.40071205420369027,0.13093035798283162,-0.23412000693813786,-0.3538076426214914,0.46782521651849385,3
-0.7043121008512473,0.04023839387341832,0.5136900138102662,-0.48013438252791807,0.05283342209691437,0.08581758161838249,-0.4313081275527004,-0.3538076426214914,-0.5883010828478235,3
-0.24621947681828477,-0.002781967137466257,0.48972055121267183,0.4365171983947924,-0.7353180710858183,0.12170431392650663,-0.1837271952862687,-0.3538076426214914,0.5602017588021179,3
-0.6038444082314514,-0.14103168383271844,0.4957747746656781,-0.3557573922511664,0.13694964273764706,0.03242041692276326,-0.2298315210374321,-0.3538076426214914,-0.5883010828478235,3
-0.19852422699555242,0.29483042294123596,0.6770081799271317,-1.2165257670512126,0.3187494561692506,-0.6405210153307392,-0.11657956665147981,-0.3538076426214914,-0.5883010828478235,3
0.4579863866302102,0.4913077199163367,0.6450962154766098,-0.5046718563471654,-1.064178528059271,-0.3179714482815173,0.19366780013650747,-0.3538076426214914,-0.5883010828478235,3
-0.6284952357216624,-0.42876076598542445,0.5004506065024745,-0.3861202266247425,0.4435558961791737,0.03659130440245603,-0.27006785881412365,-0.3538076426214914,-0.5883010828478235,3
-0.1894659130493918,0.29146629658340945,0.6751051721414999,-1.4713593131559284,0.40038940873015505,-0.6615514709265511,-0.05299593515730894,-0.3538076426214914,-0.5883010828478235,3
-0.6042286699692544,-0.02890301129938827,0.5696573938431965,-0.12935815392913258,-0.18682031078150596,0.10155815434708046,-0.35700586986779337,-0.3538076426214914,-0.5883010828478235,3
0.43047360999586615,0.3045512135276021,0.5930212295482159,-0.710201730795228,-0.8756752312353868,-0.22406477152729332,0.23881292722927527,-0.3538076426214914,-0.5883010828478235,3
-0.5513874539649158,-0.25211553198689796,0.5840514451937964,0.17695662658466438,-0.059552455796303305,0.11916938402036009,-0.3788174782850674,-0.3538076426214914,0.7359328343027276,3
-0.7234452729738376,0.028916262457796826,0.5064814222122089,-0.5038569140479732,0.05918371511271536,0.11158150480799278,-0.4308450478744004,-0.3538076426214914,-0.5883010828478235,3
-0.20170179712004077,-0.008466725405766318,0.6102966260871423,-0.6408202993522523,0.03274018611339181,-0.14740974313598165,-0.23707745161968502,-0.23522394127873347,1.0038846221464537,3
0.6248637951244358,0.6395093162596184,0.731236200200213,-1.4617280964838557,-0.7700171730291892,-0.59675180749166,0.2854886672227471,-0.3538076426214914,-0.5883010828478235,3
-0.4328150865345872,-0.19322169735761616,0.5166523791789007,0.5497637210303972,-0.43391239646050805,0.1415461879827314,-0.3140086506089989,-0.3538076426214914,0.9143500546217292,3
-0.6435383517184058,-0.369789041025449,0.5004506065024745,-0.3963424811974732,0.3911581241501929,0.05017333335464193,-0.29317747175267167,-0.3538076426214914,-0.5883010828478235,3
0.9281092504803551,0.7586407156114326,0.7465991128268424,-1.7276781565902815,-1.11523510416321,-0.5854741084153998,0.47975643224524184,-0.3538076426214914,-0.5883010828478235,3
-0.519814093084216,-0.3819776958747398,0.5695708183352798,-0.3075950702337538,-0.04191822213049315,0.11205500123501508,-0.15701646180754603,-0.3538076426214914,-0.5883010828478235,3
0.5687833023263451,0.4289676458467174,0.6352489132045644,-0.9911830213797831,-0.9413124780330412,-0.32406444791409783,0.3059995371325198,-0.3538076426214914,-0.5883010828478235,3
0.1678867443652908,0.29316035233099835,0.6221049816050557,-1.200235085273856,0.039042957218401786,-0.5425423420419349,-0.10488075446376129,-0.14060639851520168,1.1533056602169034,3
-0.5456755532495108,-0.20485042619085156,0.6168198603181025,-0.14385399992735623,0.06383793322360126,0.09293881604836457,-0.3600016397272704,-0.3538076426214914,0.42435313340073244,3
-0.18109960300964925,0.14722459215580125,0.500490792482301,0.1867353301146203,-0.8222892883397199,0.12144303225930157,-0.11255129709097902,-0.3538076426214914,-0.40449032092424,3
-0.14722471564765383,0.1283536297250067,0.4826993539291579,0.3006794574778277,-0.8886598363073441,0.11357838638023565,-0.10534583429991431,-0.3538076426214914,0.06926643612334982,3
-0.4985271490116284,-0.621442640489562,0.5992020973171476,-0.30312659409241116,0.050324280416090494,0.14155233210873863,-0.14632208988574374,-0.3538076426214914,-0.5883010828478235,3
-0.15419019033533474,0.1322339440634492,0.4863576927326216,0.27724986119675654,-0.8750124884376458,0.11519554280684763,-0.10682744715807235,-0.3538076426214914,-0.028149111390323056,3
-0.7318905132576612,0.01862980087134354,0.4999389130210738,-0.45489086594336414,0.04046291646789524,0.1319233313002985,-0.4286472409353631,-0.3538076426214914,-0.5883010828478235,3
-0.3488351954796469,0.19904922026696723,0.6155592649658269,-0.5662682745610299,0.09009514006458824,-0.37721916347742135,-0.2366475415679407,-0.3538076426214914,-0.5883010828478235,3
-0.6961971462466854,-0.07005452644343563,0.5836244650016521,-0.1903476163945801,-0.0500477457502273,0.09641307345602625,-0.4112150394994671,-0.3538076426214914,-0.5883010828478235,3
-0.6640501067111506,0.061868115202437624,0.5275213679596729,-0.49716938651526277,0.06077150596615424,0.029379700207166293,-0.416226777920766,-0.3538076426214914,-0.5883010828478235,3
-0.6609737568254036,0.012777033250759982,0.4966281389404415,-0.39706275603212904,0.009586002092451144,0.08070025016385271,-0.31802707390672835,-0.3538076426214914,-0.5883010828478235,3
-0.7286616725641751,-0.08156153467015204,0.5814356284737512,-0.23285687864442514,0.0156275569015486,0.08794654659988643,-0.41725168451291167,-0.3538076426214914,-0.5883010828478235,3
-0.5549556049713438,-0.2786187221408314,0.5660607616668197,0.3428038539645695,-0.12107346361484406,0.13242391977542614,-0.3879251735644733,-0.3538076426214914,0.8911845130896967,3
-0.40041655710337193,-0.0252560675756906,0.4820114132584783,-0.16853092803589145,-0.23394802972238532,0.05274782040529325,-0.1346125975725298,-0.3538076426214914,-0.5883010828478235,3
-0.5579848927577264,-0.4381761883910918,0.5836736653162029,-0.342692809913056,-0.02375641780710199,0.1602781064764611,-0.22572520401541613,-0.3538076426214914,-0.5883010828478235,3
-0.6982776308129726,-0.6778407750669928,0.5878720692062438,-0.2130257743999733,0.13577686084312449,0.1000748797932198,-0.38125301646917287,-0.3538076426214914,-0.5883010828478235,3
-0.3617359074079777,0.19393170547066207,0.6561726385454991,-0.5584480993506704,0.11326049857534887,-0.40704133257506286,-0.30105461711344567,-0.3538076426214914,-0.5883010828478235,3
0.4098898096731154,0.28603506359932007,0.5867367371613941,-0.6683849739044547,-0.8659068342485019,-0.20918242064932752,0.22881394784244763,-0.3538076426214914,-0.5883010828478235,3
-0.6204901973999288,-0.11679469198011516,0.5732844330018256,-0.26427353658427183,0.053226388556555114,0.11143187444443178,-0.39368977389698256,-0.3538076426214914,0.045504489257500114,3
-0.4730948854697096,-0.6514804370553593,0.6244427084288103,-0.2802066543536635,-0.05616979809110797,0.1683609096151902,-0.12449429835704046,-0.3538076426214914,-0.5883010828478235,3
-0.6193817834495019,-0.3782574181241964,0.49940161419845075,-0.3768736297255089,0.38725169333024584,0.03242041692276326,-0.25553649713751925,-0.3538076426214914,-0.5883010828478235,3
-0.19352443639146694,0.2929735732609545,0.6759578033887764,-1.3571826682132855,0.36381111666789157,-0.652128901181521,-0.08148420064764048,-0.3538076426214914,-0.5883010828478235,3
0.8175507550364135,0.6604920326520346,0.7102161748242494,-0.6849718316500295,-1.3348810068434003,-0.27861406364333474,0.004616388682737754,-0.3538076426214914,2.72725977849084,3
0.7013648154524996,0.5482312966920391,0.6757277119108323,-1.260527302594923,-1.004231318724802,-0.41992257747893874,0.3704035731237551,-0.3538076426214914,-0.5883010828478235,3
-0.01665300480843747,-0.08100441600587766,0.4607576820819404,0.18131585717168136,-0.6722711507759447,0.09504403352275362,0.019562866315535277,-0.3538076426214914,-0.5883010828478235,3
-0.6625283755824473,-0.17933663819077877,0.5366102565118,-0.41119612441633574,0.015258904987272823,0.14872020515459325,-0.3501478853513201,-0.3538076426214914,-0.5883010828478235,3
-0.7296577130898995,-0.13040042300164054,0.5807007873305511,-0.23921685368031934,0.06816093771459505,0.08699629985126109,-0.4192260056034811,-0.3538076426214914,-0.5883010828478235,3
-0.5541820643678452,-0.543932285580283,0.5553562980901716,-0.33858210035508596,0.23206398579181364,0.09309761002783744,-0.1981144383402025,-0.3538076426214914,-0.5883010828478235,3
-0.29699277798173374,0.21280639247800986,0.6572193167809417,-1.3345821376703784,0.36048918475487,-0.5187043723709014,-0.10201259162772548,-0.3538076426214914,-0.5883010828478235,3
-0.46841592740035654,-0.2601633625126182,0.5416790654484985,0.4148230079067772,-0.20377425243451924,0.08480434811332549,-0.366195256413562,-0.32235264032948757,1.2327398218999472,3
0.8081986814575967,0.6437144042339201,0.6850728889918238,-1.2441250447803824,-0.8830111690935739,-0.46366794144790424,0.04715043693926409,-0.21035707411463983,2.5772891069125725,3
-0.7428509838620283,-0.04268745381783914,0.5512913441365378,-0.32721042894907054,0.03064582268113231,0.11390855197556568,-0.44178436078378497,-0.3538076426214914,-0.5883010828478235,3
0.6738273588103451,-0.04150839964683048,-1.8601716121459453,-0.03562592317613829,-0.43519209339274106,-0.240135532414651,2.419276219973054,-0.3538076426214914,-0.5883010828478235,5
1.028275741197395,-1.8256008484627195,-0.8106999203820506,0.15999522732571114,0.11057023335154792,-0.08641272334570384,1.8766112307520917,-0.3538076426214914,-0.5883010828478235,5
0.9169072846198085,-0.5511056326066456,-1.6414148377536508,0.13511259406323894,0.9728459758771505,-0.5487094099787143,1.6362914541031433,-0.3538076426214914,2.157552967424165,5
0.47047669644811707,-0.6862609792077439,-1.8601716121459453,0.477611289412471,1.1146269790662837,-0.1374871896850343,1.762771363421253,-0.3538076426214914,-0.5883010828478235,5
0.7030719717980505,-1.4530420419370158,-1.3528368879285706,0.3345775956473147,0.9699909236982607,-0.1287382793553397,1.7780104699856198,-0.3538076426214914,-0.5883010828478235,5
-0.9238089644845416,0.36068314768730897,-0.5043519936672031,3.2285650722279016,-2.178753123329206,1.5168712360492869,-1.3477978842334504,2.8711295983343943,-0.5883010828478235,5
-0.38628018583562695,-0.7140437936001788,-1.8601716121459453,0.7067860569506408,1.5574953263764864,0.5679152354943866,1.018489533903673,-0.3538076426214914,-0.5883010828478235,5
0.6009099848732553,-0.3535862632689376,-1.8601716121459453,0.08025061861825931,0.16843185103914315,-0.2317741158396462,2.249417250084403,-0.3538076426214914,-0.5883010828478235,5
-0.6144615291656021,0.4885269418541091,-0.5221879392355409,3.1564630571781542,-2.4384704056320965,1.2908711241599375,-1.0917104207735542,2.82870521952541,-0.5883010828478235,5
0.11838631000749922,-0.3214295933367589,-1.8601716121459453,0.29743155571839913,0.4407461035629541,0.18998126526574288,1.7436513826855489,-0.3538076426214914,-0.5883010828478235,5
1.5792508278330264,-0.09429216016365558,-1.8601716121459453,0.2837360386294931,-0.2842039333501381,-0.2615174084353091,2.23957178644656,-0.3538076426214914,-0.5883010828478235,5
0.21243672069681097,0.0150841746025423,-1.4921144410412444,1.3232561662229836,-0.31880153137519773,0.32297775636976644,0.9053507039254334,0.5216489901924057,-0.5883010828478235,5
1.0009228768516483,-0.4897810165701247,-1.6481333817894965,0.132862460058282,0.8388018567371291,-0.5443239260081505,1.6788599803811328,-0.3538076426214914,2.0732212185948717,5
1.752067526011639,0.03458609897892628,-1.8455135145010229,0.27943498340526385,-0.5641112323298405,-0.26563880201623946,2.2864945175808415,-0.3474763200176302,-0.5196110446973261,5
0.5074015491269216,-0.34068444625402894,-1.8601716121459453,0.5769738660974002,0.6979123008676478,-0.07576340035003915,1.6967959565283977,-0.3538076426214914,-0.5883010828478235,5
0.4743374550974476,-0.296278636316468,-1.6049300215302549,0.6677748206384435,0.39805042189928563,-0.0046653900570571005,1.491352997153743,-0.3538076426214914,-0.5883010828478235,5
0.7365627705220181,-0.6772260075741121,-0.7485203168816309,1.4517199273750847,-0.6091547651112217,0.3982588770992578,0.5306468256739738,0.12635173029390545,4.621063169695971,5
-0.3729858425490937,-0.7176286508979726,-1.8601716121459453,0.7019560454709474,1.555260235674568,0.5558951493432132,1.031182034393181,-0.3538076426214914,-0.5883010828478235,5
-0.31033186956661507,-0.7302129821793502,-0.9522443092318987,1.517023459550606,-0.7102293446771697,2.678826674385201,0.1473323008663543,-0.3538076426214914,-0.5883010828478235,5
1.0099787132225582,-1.8343251400367584,-0.6056870203811026,0.5574870340738332,0.026748263155600305,0.0762904803755522,1.400685380886754,-0.22296536799829655,0.8312381505635114,5
-1.2097910099806193,0.4657580229429492,-0.4250490187683995,3.9318101346216454,-3.4061005758408394,3.4025512513296663,-1.99276506064058,3.0597587593113507,-0.5883010828478235,5
0.8138349339777775,-0.6264528801265522,-0.8251164540769819,1.3679978997733104,-0.6113977853135564,0.35072072188605313,0.6565686100670298,0.09326729692874955,4.262122213401284,5
0.9595416938467757,-1.4626412655082974,-1.0227864051403879,0.10744999359673164,-0.017786696949111058,-0.12132042793908146,2.0011121236340066,-0.3538076426214914,-0.5883010828478235,5
0.8914613090505257,-0.4901223323436856,-1.6576002248070525,0.18086298403888804,0.8977407575073387,-0.50560549914569,1.6320977711447424,-0.3538076426214914,1.954392582017752,5
0.5827722567951769,-0.21498000897439146,-1.8288059764999085,0.5584374531829747,0.5493703518268465,-0.1157340433698072,1.6583620353622528,-0.3538076426214914,-0.19459689737845087,5
-1.3003939877135196,0.2767088185578215,-0.7003847383685105,3.779006107572961,-3.1857138732690733,4.431192833185482,-1.8873271401194913,2.4048483244704144,-0.5883010828478235,5
0.8026309627716335,-0.4109456084453089,-1.706867492618138,0.2895162407549494,0.7974914498502673,-0.39341358249754343,1.6396557446723292,-0.3538076426214914,1.335985553295038,5
0.7566346923566712,-0.024880242602767298,-1.8601716121459453,-0.0768920206444324,-0.5270501809389143,-0.26012254435781257,2.481064686395637,-0.3538076426214914,-0.5883010828478235,5
0.8197104986746245,-0.7242434228088013,-1.4542509818201033,0.0005530027147153949,-0.27891351348900606,-0.19233597615944095,2.254394293427857,-0.3538076426214914,-0.5883010828478235,5
1.2079999799057153,-0.345198805807854,-1.7055581443907692,0.16832268689846208,0.4590451321613563,-0.4712475534426939,1.849762248440978,-0.3538076426214914,1.352420606076028,5
-0.6936079615744626,-0.2861412532270874,-1.3570428658585518,1.6817745867572294,0.1891506972346355,1.017580761749568,0.037413649693720075,0.842928714327086,-0.5883010828478235,5
1.3750542337086564,0.017390685741776914,-1.8601716121459453,0.13193635328257836,-0.54935067054788,-0.26893094201183765,2.376153216410587,-0.3538076426214914,-0.5883010828478235,5
1.0157577810721918,-2.1014273243102104,-0.5572356333567139,0.2917631320214804,0.24056041668571762,-0.02180756348618812,1.6217833123527972,-0.3538076426214914,-0.5883010828478235,5
0.4826125585759014,-0.5726824852052113,-1.8601716121459453,0.5102681707221661,0.9776679524390612,-0.11720081497990555,1.7410876359642775,-0.3538076426214914,-0.5883010828478235,5
1.5861048053774858,-0.060137264821521194,-1.7065580406044016,0.33147981830359546,-0.4906388827984239,-0.22310577603947557,2.129154875796354,-0.3538076426214914,-0.5883010828478235,5
0.4887888882390491,-1.4256866570288507,-0.603588611329379,0.6558536127602338,0.32375385877781715,0.14638483070678046,1.1069364833741426,-0.3538076426214914,-0.5883010828478235,5
0.30765833855183966,-0.3394875794801112,-0.5646343679281337,2.0993474950633155,-1.3246571475551745,0.7384402820163356,-0.11970060706765517,1.072260604741559,3.396912167618442,5
1.3146196390479434,-0.27362116973626416,-1.3697567120445662,0.7869738939434026,-0.5861584334824698,0.021736816386149493,1.5265468775146696,-0.1419810456443734,1.7098564962296372,5
0.6601945776700034,-0.6452716547463653,-1.561218455692398,0.5350272544002912,0.43512439812273623,-0.04430790312777623,1.6776641040880231,-0.3538076426214914,-0.5883010828478235,5
-0.14121627217611554,-0.748568571328393,-1.209974223781298,0.7997875487648478,0.8062200569572529,0.4355577175283416,0.8262874478745466,-0.3538076426214914,-0.5883010828478235,5
0.5603179749897562,-0.5043390978227764,-1.8601716121459453,0.164119382474044,0.4908560533714813,-0.2190387874355409,2.1362385790189196,-0.3538076426214914,-0.5883010828478235,5
-0.38189411415381713,0.35536985686324873,-0.794982444864146,2.640868559448628,-1.8423076844642967,1.0186484430846479,-0.5300314675661297,2.179839287553625,-0.5883010828478235,5
0.763856911370021,-0.6616652798266359,-0.7707616727703434,1.425983757977482,-0.6139166579621179,0.3835531245137623,0.5697452844371805,0.11674494483716456,4.516836849096745,5
-1.5008990399674649,-0.5098208503862228,-1.7215897990401086,2.9574050946617114,-2.508006477847807,7.835274843688151,-1.164392804322166,-0.3538076426214914,-0.5883010828478235,5
0.2707433031308238,-0.8308301506077959,-0.6160848175829355,0.8163890234468177,0.08837911801555368,0.14457509108310815,0.8303326191119154,-0.3538076426214914,-0.5883010828478235,5
-1.2920304494642738,0.29296352173438334,-0.6759863730922191,3.7917272282705414,-3.1994683887488664,4.340041662937935,-1.8970977713843966,2.4628820007246652,-0.5883010828478235,5
0.185458034176623,-0.3227648798602478,-1.8601716121459453,0.672086713811925,0.8315844088028069,0.19689216013048083,1.409042575311828,-0.3538076426214914,-0.5883010828478235,5
1.2176175618966072,0.006629392108620444,-1.8601716121459453,0.07877302002322717,-0.5436734326389046,-0.26668850832739255,2.4028614808894986,-0.3538076426214914,-0.5883010828478235,5
0.32063051668059295,-0.19520454825918732,-1.8601716121459453,0.8630103968607572,0.2066352826061113,0.769884597817664,1.3779193062092516,-0.3538076426214914,-0.5883010828478235,5
-0.6119286503582118,0.3887562920738333,-0.18464548371712994,3.4743293169733915,-2.841557106750468,1.4605664015211275,-1.4968362289279575,3.089115497158497,0.7175640845191147,5
-0.40911264566340777,0.37095389864900497,-0.7630559350961327,2.7012111705659745,-1.9120795990299153,1.0505080293559985,-0.5957675737415176,2.2557793233233783,-0.5883010828478235,5
0.46239722027298097,-0.32658992966992684,-1.5461877547031837,0.677018336145339,0.37791353954099505,0.004458088114656977,1.4518095151791575,-0.3538076426214914,-0.5883010828478235,5
0.5913707453736559,-0.2120954620990098,-1.5662903882829406,0.11270845188114208,-0.39420802867424476,-0.1643485853776721,2.1050598221045704,-0.3538076426214914,-0.5883010828478235,5
-0.9217202267882847,0.634087967831485,-0.05663436906971969,3.937534855230394,-3.3525721986481947,1.7038371215732602,-1.9607673419157272,3.768556011310512,-0.18505793653845426,5
0.5655860811579022,-0.26072384170701657,-1.4879985599039691,0.16937943406076178,-0.35947587402602543,-0.13909363131219402,2.00179495913592,-0.3538076426214914,-0.5883010828478235,5
0.89883386126197,-0.45165620742946366,-1.6679912916381863,0.08647046105742578,0.7137427801728888,-0.5165795253619034,1.7674261335883346,-0.3538076426214914,1.823963007783178,5
0.3199666247999574,-0.9740475207041372,-0.5825489401597337,0.7871009097089559,0.1135181331360009,0.15302805659108096,0.874131020748214,-0.3538076426214914,-0.5883010828478235,5
-0.11471382304071631,-0.7590606363547281,-0.8221763744449568,1.2873613568265623,-0.503930172058145,1.8070615531204517,0.3763239247377992,-0.3538076426214914,-0.5883010828478235,5
1.3112129798999568,-0.032410054636573676,-1.8601716121459453,0.39717017634310564,-0.1788800709363712,-0.19010792158001333,2.0728180083458634,-0.3538076426214914,-0.5883010828478235,5
0.5793198391237955,-0.21190278219098313,-1.8307207634295648,0.5626602941292652,0.545474132845414,-0.11137367135902904,1.658655778237965,-0.3538076426214914,-0.21863146938569855,5
0.641063456243159,-0.5766299274707398,-1.6039076745175536,0.5482477749312863,0.4423245825777042,-0.04430790312777623,1.675594945912448,-0.3538076426214914,-0.5883010828478235,5
-1.485234929438713,-0.5280244956678634,-1.8601716121459453,2.7255622212976722,-1.7635513650649255,7.2638695251563075,-0.9979381551052298,-0.3538076426214914,-0.5883010828478235,5
0.7336077662791469,-0.26956611154732313,-1.7199304601242436,-0.06527009912221396,-0.4397054768140496,-0.23606465012813443,2.410355821608009,-0.3538076426214914,-0.5883010828478235,5
0.244882337739031,0.772999592750284,-0.3011872117668557,0.10109025464881971,-0.2822068441957757,-0.7655541116028468,0.5031471820130047,-0.3538076426214914,-0.5883010828478235,6
0.22617676451157345,0.8592112221833341,-0.31835756972341844,0.2616371871330601,-0.3514702124185709,-0.7655541116028468,0.46106644116027834,-0.3538076426214914,-0.5883010828478235,6
0.15282594621663181,1.0685165641627703,-1.2348122042435574,0.9126238806946053,-0.07747739414136856,-0.7655541116028468,0.8959480380905209,-0.3538076426214914,-0.5883010828478235,6
-0.02368224945279218,2.175699392747503,-1.3609264634529552,0.3661179341257581,0.0935994598659855,-0.7655541116028468,0.5188644044659354,-0.3538076426214914,-0.5883010828478235,6
0.3062562254261761,0.5464366233900687,-0.19735190784211926,-0.4475543157746269,0.0923392253297398,-0.7655541116028468,0.5418402542951479,-0.3538076426214914,-0.5883010828478235,6
-1.4124886187858063,1.1477983720846683,-0.5908565135507458,0.23048441399639774,1.9768492193953202,-0.7655541116028468,-0.7205709237352182,-0.3538076426214914,-0.5883010828478235,6
0.43403123566183505,1.387662207927046,-1.7851224186198984,-1.706396979485926,1.0032998991534998,-0.7655541116028468,1.540417153566741,-0.3538076426214914,-0.5883010828478235,6
0.09563382878216933,1.2012532401957072,-0.6581398390024049,0.4780965555484563,-0.052289132052808364,-0.7655541116028468,0.4013084990613588,-0.3538076426214914,-0.5883010828478235,6
-0.951136742611091,0.9313639413682088,-0.47128301649358434,-0.09200553135206554,1.5530038497172967,-0.7655541116028468,-0.36327375479377977,-0.3538076426214914,-0.5883010828478235,6
0.0015413247393803522,1.1727823769265273,-0.3143580409395479,0.3665828715230929,-0.2543181817023432,-0.7655541116028468,0.2264952651078583,-0.3538076426214914,-0.5883010828478235,6
0.04390954287354678,0.9196550583378773,-0.3337078001177421,0.41164625038901276,-0.04498508387552663,-0.7655541116028468,0.25000499469348014,-0.3538076426214914,-0.5883010828478235,6
-1.0561773907608103,1.0472186394386074,-0.4910873328316785,0.19737161111455556,1.4468239545905601,-0.7655541116028468,-0.46235416070279367,-0.3538076426214914,-0.5883010828478235,6
0.41388687064590746,1.1532419467308381,-1.3900938498568143,-1.4400828879206662,0.8063630203461595,-0.7655541116028468,1.3065170721240795,-0.3538076426214914,-0.5883010828478235,6
0.34853971606199163,1.1456495883249154,-1.8601716121459453,-0.1195703153468004,0.5482334806806629,-0.7655541116028468,1.46316634071604,-0.3538076426214914,-0.5883010828478235,6
-1.488429383640286,1.1531804334384552,-0.5884900188365182,0.1886470061255917,2.056148134743545,-0.7655541116028468,-0.7627636108326787,-0.3538076426214914,-0.5883010828478235,6
0.3169226721227424,0.5246489675023238,-0.18965373482249318,-0.3765393388742263,0.03598439444757656,-0.7655541116028468,0.5457562139089124,-0.3538076426214914,-0.5883010828478235,6
-1.6400840473056288,1.2278576273860258,-0.6262081964427821,0.1950047746744454,2.2444980911720163,-0.7655541116028468,-0.8713942410237385,-0.3538076426214914,-0.5883010828478235,6
-0.015790850713350957,1.288606779017098,-0.30357248917689655,0.34305478801926265,-0.3563959799211982,-0.7655541116028468,0.21790782758563146,-0.3538076426214914,-0.5883010828478235,6
-0.22405140469468598,0.8432321598619958,-0.3035779460100294,0.21416730124224284,0.27381725341587915,-0.7655541116028468,0.11596245560165463,-0.3538076426214914,-0.5883010828478235,6
-1.9098567643099815,4.1677747212404315,-1.5511223348599201,-1.7283697045181272,2.787981257006571,-0.7655541116028468,-1.2551129912153414,-0.3538076426214914,-0.5883010828478235,6
0.176797111923396,1.9383888607785102,-1.3123676676404825,0.5810483923483786,-0.1989624654234839,-0.7655541116028468,0.6994025607041416,-0.3538076426214914,-0.5883010828478235,6
0.12828303898564286,0.9483340455774765,-0.6202474819841335,0.015207392226716188,0.21291149267613363,-0.7655541116028468,0.5037071274670444,-0.3538076426214914,-0.5883010828478235,6
0.05454421506745241,1.130503430337224,-0.2744087798299158,0.3090953141225641,-0.36002246458186626,-0.7655541116028468,0.2789322980499267,-0.3538076426214914,-0.5883010828478235,6
-0.4383370791567438,0.9449890025647734,-0.4243209081040532,0.3597652147512196,0.6791119465923059,-0.7655541116028468,-0.07233736109929478,-0.3538076426214914,-0.5883010828478235,6
0.24040079673075593,0.7735259614574834,-0.5803421352159699,0.46839545980574815,-0.25957764430929436,-0.7655541116028468,0.6436075038775189,-0.3538076426214914,-0.5883010828478235,6
-0.0004866564976163078,1.254205100032457,-0.29722676294571065,0.33566555224888683,-0.3571850660612498,-0.7655541116028468,0.23118613105389715,-0.3538076426214914,-0.5883010828478235,6
-1.1427837551382996,1.2487659419943966,-0.527646982098577,0.2409123366505485,1.4466317987358486,-0.7655541116028468,-0.5380880842455166,-0.3538076426214914,-0.5883010828478235,6
-2.1053480459412492,4.46469302077677,-1.6799681735970113,-1.9427034479305154,3.1130680676113,-0.7655541116028468,-1.4071165337014404,-0.3538076426214914,-0.5883010828478235,6
-0.09057567911201514,1.8473878593027178,-1.2273716176461527,0.5318484361814799,0.1626145313803833,-0.7655541116028468,0.4729877866708242,-0.3538076426214914,-0.5883010828478235,6
0.23358060718090085,1.3039018856650118,-1.6561670141866718,1.0281170512759248,-0.007095337825101411,-0.7655541116028468,1.1075915008698627,-0.3538076426214914,-0.5883010828478235,6
-1.4448486156220768,3.7346533614641677,-1.8601716121459453,-2.0953327883747814,2.7406804825535422,-0.7655541116028468,-0.5566703164690883,-0.3538076426214914,-0.5883010828478235,6
0.16834099285403395,1.8763128829471167,-1.2563957714116563,0.5769100115591398,-0.18682905206612158,-0.7655541116028468,0.6719530416067676,-0.3538076426214914,-0.5883010828478235,6
0.1113986241468158,0.8075270386023261,-0.2964701372960005,0.3626371300747872,-0.10148566777258944,-0.7655541116028468,0.31188157769997954,-0.3538076426214914,-0.5883010828478235,6
0.07441344744089204,1.17228198843452,-0.8106741340502053,0.6535549715112352,-0.20462145581482225,-0.7655541116028468,0.585374052267082,-0.3538076426214914,-0.5883010828478235,6
-0.6571265852240413,2.2650887730576756,-0.7254636697331482,-0.3548949053932964,0.7047883132134065,-0.7655541116028468,-0.2810571488710578,-0.3538076426214914,-0.5883010828478235,6
0.2995110826661487,0.5670847940943649,-0.19193992119869463,-0.25341566619811073,-0.04716911561799664,-0.7655541116028468,0.5226088011548051,-0.3538076426214914,-0.5883010828478235,6
0.20609539267617924,1.88699599833509,-1.379697550975631,0.31818982315489075,-0.05767950211013728,-0.7655541116028468,0.8007949685116041,-0.3538076426214914,-0.5883010828478235,6
0.20518973770939955,0.6475415005209281,-0.25903604826551635,-0.07588039443387673,0.08084941468632983,-0.7655541116028468,0.42418686551447277,-0.3538076426214914,-0.5883010828478235,6
-1.5520959266892125,1.1768633265034036,-0.6147230133720463,0.21195696336602682,2.162830147055635,-0.7655541116028468,-0.8134703740678586,-0.3538076426214914,-0.5883010828478235,6
0.2223396137333312,1.5241727549302708,-0.9940933430591652,0.2684153397566661,-0.10426863348492887,-0.7655541116028468,0.6638167118876731,-0.3538076426214914,-0.5883010828478235,6
0.2826824131346516,0.8958355883691077,-0.5977412140225471,-0.2601233420320306,-0.02530737317684939,-0.7655541116028468,0.710438282098327,-0.3538076426214914,-0.5883010828478235,6
0.21459814211490036,0.6352092244936536,-0.2539202556786631,-0.10769644778602916,0.08475303077670068,-0.7655541116028468,0.4347816855630765,-0.3538076426214914,-0.5883010828478235,6
0.18877057056540683,1.6682227791237438,-1.0625987085394433,0.5038619293769687,-0.23938056802743096,-0.7655541116028468,0.638919859424645,-0.3538076426214914,-0.5883010828478235,6
-0.8094586345051958,1.5799518797879566,-0.9812173773078088,0.38256064754886,1.1430619153604358,-0.7655541116028468,-0.13969956505877656,-0.3538076426214914,-0.5883010828478235,6
0.16749245487632644,0.8661435683754074,-0.24323941387535822,-0.1096667658670829,-0.09898214042231324,-0.7655541116028468,0.40245830536942584,-0.3538076426214914,-0.5883010828478235,6
0.2686060902317094,1.1033719871890355,-0.6707595126136375,-0.04918754118992413,-0.008069483771753122,-0.7655541116028468,0.627665166133487,-0.3538076426214914,-0.5883010828478235,6
0.17094646023971619,1.9299867072491836,-1.292850269385044,0.5810218526078013,-0.20477205705210724,-0.7655541116028468,0.6877717269556665,-0.3538076426214914,-0.5883010828478235,6
0.20498655492251752,0.7923301813287145,-0.21202941579141232,0.23645810739572073,-0.3677792901672673,-0.7655541116028468,0.4094598524518247,-0.3538076426214914,-0.5883010828478235,6
0.06357518872875143,0.8441940076621078,-0.3874418391227068,0.4528077552259174,0.022183478981999155,-0.7655541116028468,0.2916949808745448,-0.3538076426214914,-0.5883010828478235,6
0.10018573620139977,1.24351604930797,-0.6955942721672118,0.4842828744521926,-0.06071214329123262,-0.7655541116028468,0.4182524813623189,-0.3538076426214914,-0.5883010828478235,6
0.24953451683528144,0.5894155917080418,-0.23492370333004636,-0.22583949459049585,0.09924838924768317,-0.7655541116028468,0.47412359598272363,-0.3538076426214914,-0.5883010828478235,6
-1.1786989755720223,3.057269303744096,-1.0692254556078309,-0.9267391429009701,1.5721226693179615,-0.7655541116028468,-0.6866038839186783,-0.3538076426214914,-0.5883010828478235,6
0.01390746434124046,1.219998093407465,-0.2940281186782585,0.2643102163728952,-0.31073835050333587,-0.7655541116028468,0.24818910944246303,-0.3538076426214914,-0.5883010828478235,6
0.28574067345522,0.8053707840284884,-1.4430397568791222,0.8411224957714915,0.11644372853899192,-0.7655541116028468,1.159343196120442,-0.3538076426214914,-0.5883010828478235,6
0.1273918570594862,0.9585339637164025,-0.25650019813457303,-0.012022455018002698,-0.1542710757934917,-0.7655541116028468,0.36217906349923,-0.3538076426214914,-0.5883010828478235,6
-0.0005034112573086558,1.1849985748894571,-0.3134242006493184,0.3644080641566893,-0.2644208232406179,-0.7655541116028468,0.22536066014987025,-0.3538076426214914,-0.5883010828478235,6
0.4194005934711168,1.202515128614986,-1.477331747546031,-1.506470477264298,0.8549763074113197,-0.7655541116028468,1.3596601831046793,-0.3538076426214914,-0.5883010828478235,6
0.43011368004290895,1.3800101256594375,-1.8601716121459453,-1.5597561183447537,0.994541773040017,-0.7655541116028468,1.574477481647289,-0.3538076426214914,-0.5883010828478235,6
0.2158066124585417,1.0834942077820808,-0.5246841953285508,0.32878936550466314,-0.32039550170143044,-0.7655541116028468,0.5103729007591157,-0.3538076426214914,-0.5883010828478235,6
0.1915916876420896,0.8224399615450023,-0.2175834593082722,0.24292547386093538,-0.3670886491593305,-0.7655541116028468,0.3978381290105604,-0.3538076426214914,-0.5883010828478235,6
0.23952054110635002,0.7132947782627069,-0.1998168332495367,0.17079924083752362,-0.3336693293904268,-0.7655541116028468,0.44285583946863283,-0.3538076426214914,-0.5883010828478235,6
-0.09795582949508175,2.082884800609147,-1.8601716121459453,-1.883130904849072,1.5479014277004786,-0.7655541116028468,0.9764469550696584,-0.3538076426214914,-0.5883010828478235,6
0.1964992674267284,1.5010685080985575,-0.9088270053313635,0.4538145600078974,-0.26254001814521644,-0.7655541116028468,0.6021725988641786,-0.3538076426214914,-0.5883010828478235,6
0.22486395473987605,0.8876043348024898,-0.34447749630410707,0.2701383195664301,-0.3475363082989872,-0.7655541116028468,0.46730839418450926,-0.3538076426214914,-0.5883010828478235,6
0.2826902445128899,0.5459559817696817,-0.2168953726424684,-0.33796099312041306,0.11300494418218349,-0.7655541116028468,0.5114603167681726,-0.3538076426214914,-0.5883010828478235,6
0.1395240705378089,1.8251561246097845,-1.1294949612625598,0.5419359772922454,-0.22981561238726117,-0.7655541116028468,0.6096052911658194,-0.3538076426214914,-0.5883010828478235,6
-0.2726105375637031,1.6810737210151672,-0.4720339911548712,0.06668278957842055,0.06536800496656525,-0.7655541116028468,0.01792192016675398,-0.3538076426214914,-0.5883010828478235,6
-0.506756031795957,1.7716332453953156,-1.8601716121459453,0.9708482765494395,0.5399280556899532,-0.7655541116028468,-0.4003861054575003,2.9843723836989247,-0.5883010828478235,7
-0.6104247005639236,1.8181375482142694,-1.8601716121459453,0.9445331375773709,0.5891502816338275,-0.7655541116028468,-0.3066266727275337,2.6813569563688344,-0.5883010828478235,7
-0.5029006948003176,0.483820365293266,-1.473356587504475,1.762475704168709,0.560938791638462,-0.4329670128363686,0.2524856431750903,1.0039137729388907,-0.5027223149347855,7
-0.6042626294147024,1.880897422761241,-1.8601716121459453,0.8919891487658691,0.5779246063316592,-0.7655541116028468,-0.2326086864351535,2.495681293690503,-0.5883010828478235,7
-0.5936521277302309,1.8222758828087942,-1.8601716121459453,2.00912956085475,0.62792876825245,-0.7188312150093454,-0.05423942138719035,0.8147064948843885,-0.5883010828478235,7
1.6812583878948495,2.7204107983756387,-0.5427865631638065,-0.005672456401363768,-2.921667192347099,-0.16399450747245656,-0.0945589574470092,2.4100537748026096,-0.5883010828478235,7
-0.5243883193774225,1.7583595107623147,-1.8601716121459453,0.9985356615154733,0.5511323814182234,-0.7655541116028468,-0.41711144336467354,3.0075795218119645,-0.5883010828478235,7
-0.8291554834170289,1.0284872633570754,-1.8601716121459453,2.7022864275167575,0.21142237656095056,-0.6688859963294487,0.12892510817645111,1.4194388174105486,-0.5883010828478235,7
-0.8114417687627866,1.9302339890182227,-1.8601716121459453,2.1056725164098906,0.6918737386459393,-0.7047808060126991,-0.15154601646833363,0.7249821518022869,-0.5883010828478235,7
-0.8818818032796014,1.8861743566969318,-1.8601716121459453,2.064860329995026,0.8865434104297484,-0.7219954191570783,-0.2209417309200229,0.7385228753963755,-0.5883010828478235,7
-0.6535360889473335,1.1767064168914472,-1.8601716121459453,2.604573304600889,0.27433886162106663,-0.7617099254822608,0.340250295922255,0.7369596074512111,-0.5722198937412829,7
-0.761471518939308,1.7940465071092704,-1.8601716121459453,1.8456797313643383,0.8133913781032069,-0.7655541116028468,-0.14197956437547193,0.9432458888018783,0.19031053615973859,7
-0.3589797735807253,1.7870230058317758,-1.8601716121459453,0.8902652170727655,0.45121937172130566,-0.7655541116028468,-0.26717516664020763,2.800633109188897,-0.21874141266329333,7
0.29856911994199936,1.1102223026798903,-1.8601716121459453,1.2010387501488042,0.95990747855372,-0.7655541116028468,-0.311386959975991,2.9693491528692655,-0.5883010828478235,7
-0.9239801742842778,0.5961604317716541,-1.8601716121459453,2.2248869975341155,0.7597513364349667,-0.5574676258832284,0.3029667842518998,1.2462195845428643,-0.45545756452478525,7
-1.1673777187763497,0.5205287057626287,-0.35543202225202575,0.6992709089898229,0.47377405254904814,-0.02896026368154403,-0.820877440912019,1.4110668410587757,-0.5883010828478235,7
-0.9575968968174814,1.8388152205844304,-1.8601716121459453,2.020991832015383,1.0957913545740836,-0.7404991869843635,-0.295534298156534,0.7530776262639701,-0.5883010828478235,7
-0.7394777806240354,1.4319901256294676,-1.8601716121459453,2.2367113497231244,0.9094387498225271,-0.7391868218336786,-0.051885577914936615,0.7263266278890091,0.33610315962699416,7
-0.4984283151088754,1.630471196193609,-1.8601716121459453,1.0819559525477378,0.679533294038881,-0.7655541116028468,-0.34557036022267595,2.8239558977635615,-0.2138311053857428,7
1.3774931136128992,1.8312833916652584,-0.34268474341745125,1.1751069723372214,-3.093154735370178,0.37390350508161335,0.5351472550287348,-0.2225776602085432,-0.5883010828478235,7
-0.686863699606705,1.0901380025491108,-1.8601716121459453,2.545525571138871,0.3289478967133711,-0.7321538730790313,0.34424346504317027,0.8169958564329565,-0.5723329084208069,7
0.45074346224101514,1.5800746623471105,0.15237530339109007,1.0926068684152712,-2.087945373065149,1.0289956542994803,-1.7233564589571921,2.9507995718197173,-0.5883010828478235,7
-0.6802090765250269,1.675327683695165,-1.8601716121459453,1.8743265819462371,1.0715971988709925,-0.7655541116028468,-0.184078234551548,0.8813592285841397,-0.5883010828478235,7
-0.44729965943197103,1.1810932875369067,-1.8601716121459453,1.1908643186865093,0.8754472826661637,-0.7655541116028468,-0.2639025147986369,2.9227174738862316,-0.291182990669292,7
-0.7075810625899066,0.8917343694610508,-1.8601716121459453,2.8674597715356533,-0.030470535661012432,-0.6395897172368298,0.16443005156776183,1.761197445782328,-0.584732400473544,7
0.0643998797740617,0.36445870962758575,-0.9488981087627479,1.16365867735699,0.3119854773419805,-0.27332007694728344,0.16027448833155256,0.6353767444331662,-0.5259516346379256,7
-0.8865205020640927,0.9235738755718689,-1.8601716121459453,2.548462634513398,0.9767804496865248,-0.6597303623795139,0.07566481944717034,0.756772036373175,0.03865008065206124,7
-0.6144516445499649,1.834243455815275,-1.8601716121459453,0.9217997121195564,0.5891502816338275,-0.7655541116028468,-0.28092976509529255,2.6191311060904114,-0.5883010828478235,7
-0.9265349445176397,1.047268787039846,-1.8601716121459453,2.3868892310172427,0.9282174900373059,-0.6630778468727021,0.04547019512798232,0.8833484598310821,-0.0068438549792951275,7
-0.367188247350431,1.593460504942888,-1.8601716121459453,1.8024255673924536,0.8182163132821095,-0.7655541116028468,-0.00902679719934851,0.9708170458807824,-0.5883010828478235,7
0.2655173115954563,1.1057145482666553,-1.8601716121459453,1.2044648073653363,0.9577122954398478,-0.7655541116028468,-0.30781218681283395,2.9710542058642835,-0.5883010828478235,7
-0.8558750303705496,0.9323287090350212,-1.8601716121459453,2.5748937681354236,0.9875574348962586,-0.667027675928878,0.07315768870362505,0.7065475312929368,0.08749245216102788,7
0.4378747475810194,1.3858031002848878,-1.8601716121459453,1.0226159092002352,0.8271780492933052,-0.7655541116028468,-0.3263139172384252,2.892361721340557,-0.5883010828478235,7
1.7468350696019752,2.9123551379146275,-0.5859844348545111,-0.26057847535875533,-2.884646555106242,-0.2801156369976617,-0.23049959108965892,2.9783848128845305,-0.5883010828478235,7
-0.7974134204579104,1.8173149003584577,-1.8601716121459453,2.2037830143620907,0.524323514062686,-0.6918771602764163,-0.05228281799027408,0.7564350496079152,-0.5883010828478235,7
-0.06464065636418814,1.3591498154769552,-1.4192575768950497,2.211637672042068,-0.7157597407109031,-0.4289007566759341,0.4115197990789136,0.4189640817608186,-0.5883010828478235,7
-0.32026609726925714,1.1926692008056878,-1.8601716121459453,1.0253512885805462,1.1850396406936872,-0.7655541116028468,-0.339168451739915,2.8342247880999305,-0.5883010828478235,7
-0.6335606702329691,1.6631273025688003,-1.8601716121459453,1.8636114236337364,1.0338367260974737,-0.7655541116028468,-0.15799092722076535,0.8946908161920903,-0.5883010828478235,7
-0.3978309856468515,1.5155025182774953,-1.8601716121459453,1.8296891351603346,0.8045342879118826,-0.749720644216407,0.02096059642860565,0.9962026251861534,-0.5807313294512759,7
0.08517835803732066,1.25075229179255,-1.0510317328818277,0.9249674846137124,0.41948870430086965,-0.44428682767957073,-0.14215072540211177,0.5237713401009212,-0.5883010828478235,7
-0.5336287266740263,1.663218914854964,-1.6676896301402704,1.1320158552871602,0.3843079225767654,-0.5750240756261547,-0.6227176721719863,3.072638154790556,-0.5883010828478235,7
-0.81290300770705,1.7746888439258601,-1.8601716121459453,1.8928685719648282,0.894756847971941,-0.7655541116028468,-0.1754410354325898,0.9095921995721171,0.19747818472832723,7
-0.9413283955277106,0.7543037919356569,-1.8601716121459453,2.3599205521185076,0.858631639475667,-0.6014060853153356,0.18890892816506605,1.0542126446862323,-0.2593983303424901,7
-0.4956163721557322,1.8184478619480207,-1.8601716121459453,1.0905545557378444,0.5528171685758426,-0.7655541116028468,-0.3814577421102956,2.8410730364400734,-0.5197030144910157,7
-0.7196156674344709,-0.910855779477526,-1.8601716121459453,0.48734996679939835,2.3334402789008593,1.9210193805214708,0.10819328528460347,0.2504541875919927,-0.550213753345693,7
-0.4206451558576003,1.8364582382352983,-1.8601716121459453,0.835631279840866,0.4852094436946384,-0.7655541116028468,-0.3187045034023249,2.871035587114633,-0.5883010828478235,7
-0.39321083665377043,1.5452032141183536,-1.8601716121459453,0.9776934839584841,0.4809896192829618,-0.04269741072509481,-0.8989367843934324,3.8726682289727665,-0.5883010828478235,7
