PC1,PC2,PC3,PC4,PC5,PC6,PC7,PC8,PC9,PC10,PC11,PC12,PC13,PC14
-3.5229339030817948,1.4530984395358333,-0.1647954875563531,-0.013272822491841136,0.7373453614912259,0.30071618350718005,0.57387556651593,-0.05563727582455709,-0.45876506040268883,-1.0655695452310432,-0.4204939046815452,0.5529277662107468,-0.3029781756060091,0.2008574497450479
-2.528858061846367,-0.33001925152141426,-2.0267066521659642,-0.4171443626423159,-0.28321373377401143,0.8843094110843754,-0.029716479907285136,-1.0103718945114921,0.21880609160074682,0.020182031257468293,-0.13001962922091312,0.39497116026264506,-0.14664530839710688,0.12640235465860955
-2.785028984152025,1.0369359525889617,0.9832377030094763,0.6642324117109007,-0.38756496707789745,-0.46884161011227293,0.48830539981142407,0.2689570507212417,1.2227694856745208,0.10624912523834144,-0.2790741084620112,0.0018979931441193481,0.02127801657258978,-0.0557515154658394
-3.922588407776136,2.768210261843854,-0.17496816828734657,0.5650878225482714,-0.32435971235381167,-0.2626164182416225,-0.3983641116540767,-0.6188436896432473,-0.11465832288224918,-0.107671126016639,0.773865793130515,-0.23092923178424854,-0.5012768072756556,0.01990285214797733
-1.4075111119787505,0.8677730872653793,2.025829485174624,-0.44090580416848957,0.22794924645212963,0.5937621307889415,0.44787554987116224,-0.43493730488810245,-0.261547740453346,-0.11243432074116512,-0.5379311890176013,-0.22668617856114825,0.2741089107933057,-0.5174978966812915
-3.2881298147971303,2.1301751291512514,-0.628992338668432,-0.6053718995839246,-0.4096264313989105,-0.25827595156291583,0.378575938825403,-0.36682546776529745,0.04491228771547576,0.21796620268702507,0.40778539961234567,-0.37671544456396705,-0.017442635179161312,0.23956231374681874
-2.7505775413676368,1.1791699854280009,-0.9773374706361876,-0.3535884868905951,-1.0242768022773239,0.46262011326105773,-0.02476022469564399,0.35066543034262987,0.5927441527300314,-0.7791270436093588,-0.40227608711739354,0.16013265760652434,-0.5753712596877294,0.1576111921244631
-2.3928665198696404,1.6112823206534386,0.14572946240340232,-1.2456017253567306,0.20743785794453223,1.388985438123835,-0.10056825197256286,-0.2132879731529435,-0.060952235929001994,-0.6243502618556152,0.3205560459072507,0.39101051801748665,-0.30820720209207775,0.11660011853223508
-2.795256330546672,0.9231795169155208,-1.7709254776075647,-0.15682653337738944,-0.8584648431677301,-0.014240451209491588,0.08463355403794927,0.5278110400989502,-0.5327678746955175,-0.32825412435362145,-0.5081638793821158,-0.6362404227302006,0.10168112178382512,0.07228706157396633
-3.005596664002582,0.796284169422544,-0.9837416294060422,0.27029314635488266,-0.4718451824620508,-0.2976616983218388,-0.8638363303170847,-0.16011284528274403,-0.17215849576719172,-0.24223941887033898,0.01508810945562573,0.5496064406084203,0.021493611452383266,-0.10506387948612902
-3.6786885545469135,1.3125234207675558,-0.4218541699264688,0.0020699961165977776,-0.2598405124462,0.03972012371185056,0.18912799507713537,1.2284645734132205,0.4505502053684462,0.378839817937641,0.7323556234681702,-0.0789118363468397,-0.034474269374878866,0.2547481935235534
-2.1096347671767903,0.6129819864028381,-1.1915699539287776,-1.0985436029298603,-0.5578990454533076,0.4039762832589845,-0.49355116350142453,0.9554565437125658,0.5649917057896651,-0.14879944194559383,0.047709193552298204,-0.16317769777139607,0.1260574626455001,0.007881188303529976
-2.4384563616447084,0.6785233100295298,-0.8655137005752322,-0.6587794689026302,-1.0877215513697451,0.019283128461558777,-0.2847205263249325,0.4404015839931606,0.8323518507343957,0.3050548104008121,0.05736177125767689,-0.08753832399705826,-0.045796305360480426,0.004586313505750292
-3.6734945318518686,1.1401213551662501,-1.2037687024209731,-0.23136566094087835,-1.8226116495050038,-1.0100038945936356,1.45711071463766,0.4408253070667588,-0.10026560141818948,0.3156982997233509,-1.2310602637007104,-0.7664146617995866,-0.08183808523521884,0.45696411291032485
-4.4415757507999665,2.110319170328116,-1.2624504089620485,0.20400408439361084,-0.8445523940221439,-1.0021367056667627,0.999154196327427,0.4396399855967131,0.6373986582057315,0.6717457808445522,-0.31083637418179527,-0.1316571366877656,-0.39538580959460895,0.3601588329057378
-2.608923870011248,1.6664180107095594,0.21763276014019486,-1.5184588917987536,-0.09964065783486813,0.24315096422367466,-0.24815333833020983,-0.04670190381235465,0.1825769845907282,0.8970771237508236,0.08389994320316109,0.4935156248466906,0.0525929086417617,-0.1339486366798734
-2.4754284592737488,2.330896716738476,0.8316020705749232,-0.8972799744628275,0.21103742797612698,0.05838230363355049,0.10405213236727245,0.3875366866871219,0.00441676447297543,-0.0998739614982273,0.07322161164696306,-0.507895044033075,0.3769028357179156,0.03889936159860975
-2.226232434638653,1.6335901618386284,0.7945579473852005,-1.1502520540018852,-0.13047978711371205,-0.4178643004191529,0.11960567484726722,-0.10864917450745464,-0.3868970201698318,0.20146534833393986,0.2864458124046632,-0.2804675084688043,0.7269150144518851,-2.432339457398976e-06
-3.7422692915436717,2.5284052661988268,-0.484832351043799,-1.0546938141651485,-0.7223646627415959,-0.6307486236515277,-0.07405565950161937,0.08937311582675755,0.181826946409025,0.9496164999930872,0.9023341255655012,0.16064089244999752,0.31421724124182826,0.4946719615098774
-2.394411499831792,1.0645294568044439,-0.16471176083371425,0.5673636284196908,0.5370524458948771,1.5435137403610852,-0.19329594859074764,-0.5654721066902123,-0.11160419942541888,0.12281375010981875,-0.8402744217077113,0.2852522508589305,0.12731547614342312,-0.09746818307466218
-3.336568953424389,0.7960127940285898,-0.3638523232905557,0.24675743164745673,0.9686302601038308,0.2102337323468387,0.2606852858993633,-0.14679438763960523,-1.1981749779268063,-0.6679828691869847,-0.4592104809454245,0.47206656309077794,0.04093607792386587,-0.09195945785406473
-1.4814039908115535,0.24008547418839177,0.9362309714407548,0.8997642539174034,-0.2098747562335654,1.4321851841472522,0.23737207966319257,0.07042234043865103,0.589898897369274,0.1464387379489925,-0.661833843355079,0.6798002292424836,-0.013087821349177046,-0.5311689065055161
-2.828068672786217,-0.08685755238892359,-0.31196672208423354,-0.20694594350641193,-0.4875725320856223,0.9048801726633898,-0.23275701201064328,0.08726228034432573,-0.005522959164003497,-0.7251587063682121,-0.0593083839422294,0.49463413083567204,-0.30570601881574416,0.2236224977924869
-2.0077140461407565,-0.5156164866057935,0.14325397276280966,-0.5783077797288079,-0.37665265542524967,0.7202952336488746,-0.7218935190314086,-0.24039169610591923,0.7519500003202584,-0.2706691595121413,-0.012894693354425115,0.491931970032135,-0.3222416884762553,-0.24238993173265597
-2.1146360360694967,-0.31592056924498213,0.8897234418502266,-0.3316153211761565,-0.6239312781492209,0.7969948380207595,-0.6999036686707913,0.32451618414898453,0.06041015342158508,-0.6680780781961738,-0.36012150859772396,0.3205478062095963,-0.22384691853608388,-0.17085037325026994
-1.3975375070423448,0.9382152852892944,3.8198424503155657,-1.3475506129305561,0.342653200871383,0.4032976197688674,0.49137230176450764,-0.13903060327393238,0.06250833123546314,-0.5680214998432026,-0.4329687699349632,-0.1129331359511794,0.13962355208938215,-0.36296132649917573
-2.1334880279339394,0.6871020460371796,-0.0874580629136768,-0.5760178785422845,-1.1303839008040177,0.4241328390084795,-0.5082254331705508,-0.9417943185101662,0.7337716242225422,-0.18329423446127677,-0.01190615892729737,-0.20040845804689864,-0.16942918119608352,0.10278328473650912
-1.6297038265623083,-0.09118403034427107,-1.3878172680223153,-0.6744513832203833,-0.3747357222523765,0.6044749361937182,-0.393376708682616,0.17735986794931075,0.8226054403144314,-0.1594630148343816,0.8739514037870638,-0.3788002806852943,0.10036478454812496,-0.20247653922987743
-2.5076075276115604,0.6927498334195399,1.394171527917144,-0.986976891338301,-0.6314663538100487,0.43267148018536616,0.0314704202531202,0.12441591902651435,-0.4939737910073989,-0.04017554110130347,-0.5368372388673367,0.052280122002030686,-0.17082452652044816,-0.12224814991337006
-2.5594831788057877,0.1954728996989224,-1.0926793536435417,0.13183031228946368,-0.5749011389976518,0.27825495002509615,-0.1897782813588951,0.4488688242338185,0.045923511361867536,-0.7939354470355998,-0.0978495864092668,0.14571367913151803,-0.43590959433296095,-0.25326637204565106
-2.7724445249572094,1.246352791809369,1.386255483976976,-0.44661942601631216,-0.41053268727285736,-0.7158805228507534,-0.37823082953093723,1.0238813619093197,0.560242363302562,0.3368025188263489,0.3638238326309131,-0.6169565196225675,0.23778728121930878,-0.1581912834854994
-2.9351337410654272,1.478278833733575,-0.33185267544934327,-0.3210136105271787,0.05763329831583379,-0.24078616666623762,-0.5203294256756638,0.4931867138023078,0.7681708656586503,0.355710577843593,1.0685466270228794,-0.0032992061173430618,0.3023186487259966,0.05468004448323804
-1.991248416357849,0.05325201449517868,-0.16781476579993845,-0.934220607209436,-0.48765181340973335,0.05785298270733604,0.9675970516785428,0.49374124837909483,-0.04085182070578573,-0.249365310901498,-0.22070110623268135,-0.2089182528756632,0.28902836998085685,-0.020258089112099097
-2.2457098662822714,1.6346691048708624,1.1713837570984793,-2.355471829847466,0.3514551095138575,0.2853428545140614,0.9303610882985417,-0.45946140512871947,-0.7366320891693904,-0.19785293135991255,0.625039591925992,0.1073157806397626,0.07275028576656058,-0.02581360983126704
-1.786986277273289,0.6974803860124386,0.4789587111789739,-1.1004425985949835,0.2239940912696365,0.7372532519404672,-0.2705838959456428,0.18790210828593454,0.4798527441296539,-0.1641860127600099,-0.17178259825905678,-0.222545534624788,0.183217778699903,-0.1354843078571419
-2.227638665973172,0.17928891851084097,0.4507238422205175,0.2020708847095747,-0.2729958403599509,0.1690361609652963,-0.6518758142724707,0.3166382375500433,-0.039879655802637116,-0.4684557036629648,0.19976134113973498,0.226597055301004,0.2872963503555213,-0.18856113593343893
-1.7680284715998258,0.6578723083726205,0.45751961626474097,-1.3868922528603722,-9.117577183188377e-05,0.6070937151218729,-0.11194625638807536,-0.9675041367596107,0.22513213769653906,0.2523792311568843,-1.1038371392046835,-0.14865537320008093,0.04273362355348829,-0.21265576962521837
-1.5231779814686097,0.11222505343923571,-0.04011169456889,-1.0993534146119397,-0.20460731353615647,0.3926505406852208,-0.4231392946176483,-0.02006590599732196,0.8263005266302483,0.41496106769799324,-0.00634945735714088,-0.4095136326459558,0.22982479652566765,-0.3315007341329157
-1.8723649422225412,-0.7693057594963646,-1.4268192524135115,-0.8453586103227038,-0.06559916027914293,0.42326064187681095,-0.051409526588986065,0.009318817276341823,0.25995421856573464,0.26837350351631317,0.27104410336853746,-0.18980883336544524,0.4607103023417193,-0.09137868109928544
-2.7971143437092594,1.8088088734120122,-0.34265707071088813,1.3438452930269018,0.7410983232551984,1.825637078234123,0.8565436318268521,-0.710087684664377,-0.770092733069947,-0.14306349286063055,-1.1927122321919201,0.17159326955638773,-0.14496764112313407,-0.1343054594488606
-2.840935693150024,0.786161566875924,-0.11778187012552031,0.6014593400958278,0.3243448576255559,-0.559092509230766,0.6376645011993863,-0.7189393929768885,-0.6842423257684435,-0.5694058782060613,-0.2830403704736861,0.19080853093689062,0.2340251614774628,-0.19235004162373223
-1.1055721019048312,0.16588492491652182,-0.7845689845094199,0.9781259153873391,-0.9719952406201059,1.4661311935917714,-0.0470628852711186,0.2916730371809553,0.35141707139009304,0.02948098751195352,0.8167649228335186,-0.08746623902563534,0.6434271828873759,-0.17611781601335136
-3.3068948240619678,1.1639554686140805,-0.312199951176418,0.45405272011448583,-0.4499916762138496,0.6500515606279768,-1.0895047926480002,-0.9183246765815744,0.14929557794376294,-0.06740071583744955,-0.4272593516621432,-0.17685643230110948,-0.2534505168181449,0.22458765354780597
-0.9047984234222424,0.32607243245927925,-0.20258424439076209,1.2500223649833495,-0.38706867300297476,1.3572899545611012,0.5492598004929075,-0.5947146029573739,-0.21006626821445218,-0.13258037976321604,-0.08617118367484171,-0.06549175349513883,0.5917444119820491,-0.47587594632926794
-2.396835689773257,-0.06690594469848875,-0.6554874253281198,0.8408195083322747,0.24841243331356805,-0.18012132408532147,0.09983739124511688,-0.675138923265376,-0.13645562662396726,-0.5652310284358205,0.47401163120767914,0.04963609399553201,0.27293498052944704,-0.26300136614249964
-1.5378123476239942,1.7750776504276333,0.02766858882431897,0.4456977698269458,-0.5382588863273602,2.0083878517045974,0.026209293513890668,-0.22407933003500527,-0.5218875597232869,-0.2934616148953595,0.5947858998486923,0.04270345327970656,0.17511164077393093,-0.17615198936611018
-2.9912164379372057,1.1976225474089819,-0.539465841485601,1.1663606469057375,-0.9220835703620931,0.9890023383954388,0.6239652197055848,0.311976591408707,-0.5228207334312189,0.07914550190613229,0.04755453134975889,-0.20012540751707086,-0.180372716474433,-0.02130268965488966
-3.0593163136602572,0.6538219576136088,-1.1547579516568385,0.9971175289036445,-0.20184141958631077,-0.2832309374711716,-0.4344772822370814,-0.16166476416273157,-0.2937554047463141,-0.3950746399744743,0.12318849494499104,-0.09010807254149052,0.24992469827283462,-0.029224036727753123
-2.3187714571303366,1.250236680698261,-0.057298014195686114,0.139209508296806,-0.4045823135764196,-0.49308530708532883,0.28294153629141683,0.7668440615738621,0.014970694664204415,-0.14138162594769535,-0.11418673117524263,-0.3282965129964485,0.3668813445841571,-0.26979841230618035
-2.9594722867527725,1.758603649108162,-0.6426556237978817,-0.14576729626720317,-0.3414154880069871,-0.806881705767828,0.059969975951997156,0.2465804544102218,-0.16805906050921002,0.17544881287201766,0.5301515446870466,0.7274907840884622,0.6455663996273158,0.11090731226139805
-3.412181301344939,0.17691580638574186,-1.972282043062101,1.2053717634422663,-0.10548742139606997,-1.1562329573359784,0.37900461514211325,0.4033343953338721,1.1627641688925852,0.7546574365432637,-0.38228620500852567,0.40418303127083677,0.22723423198904102,-0.13261621469619456
-3.1163782669834204,0.7521087340243356,0.004998137507815676,-0.3666000022813766,-0.6367032696726506,-0.00224425949017349,-0.399271071405186,1.044881766241788,0.9939009233916214,0.1292588682690552,-0.5371883119355875,0.324284232319759,-0.20888229425409888,0.13471406991777216
-3.7002111349385176,1.6230918691251979,-0.5198684506313579,0.03923804683275914,-0.49280690447925196,-0.3476547801733641,0.12911500561164355,-1.3471854310761706,-0.6345416911819252,0.4576017961829597,0.2852602784807569,-0.086826596586734,-0.1970645040547327,0.07153874067121531
-2.5375482759877688,1.8785279338760292,0.3391821629745916,-1.3309799571654206,-0.2765455078099339,0.14753858702942882,0.4208283389548757,-0.38141142534852157,0.21493785937948107,0.22707575844243327,0.3127582786366188,0.003993373853465103,-0.18149399127746604,-0.062462470055378305
-2.4447892385945234,1.0207151556133733,-0.9575709399179028,-0.05830666884421362,0.8371936682513279,0.495102368433735,-0.4035173271647934,-0.3263902883096322,-0.1230905860415118,-0.5716431049498103,0.17777531643229985,0.17304179263269762,0.35656056918549395,-0.02733304646006249
-2.722814508522204,1.3352436903312161,0.5141888515243775,0.5086688194222696,0.8597838716031148,-0.39278784964975894,-0.26849247938851256,0.47018613040750606,0.2988720854034301,-0.25298452707596125,0.3289553916977426,-0.17646773765969856,0.07916170280318315,-0.5090617303716218
-2.9853167736070376,1.4436375861800783,-0.6117934759877051,0.33240800521768393,0.39460578472362395,-0.055453509136437464,-0.01764000713636655,-0.34051389810514743,-0.8167990678526771,-0.5745698293631375,-0.040394049925585006,-0.05540207828899899,-0.02426388104678074,-0.24745781874636605
-2.4881468992195273,1.215492503258968,0.26149333203997127,-0.6806057248318496,-0.5676851036669209,0.13735886739332268,-0.25052709632347253,-0.6186043308114912,0.6699772894213253,0.6639290683407891,0.07677853603750436,-0.12736968663283094,0.10372442665881405,0.0251289925882904
-3.3512866509434023,1.7406028303764598,-0.28473512996094075,0.31577707026714474,0.11299131319642208,-0.41826125185804597,-0.8047327337503488,-0.6510652455448973,0.35259732635870056,0.28458208105886545,0.2548818633901704,-0.560746494444783,0.15681916740123067,0.05597953840241251
0.8749250405094328,-3.0777238292242037,-4.585646186702032,-0.9590976434467473,0.6293461712580705,0.42724746128638424,-0.11646081190345069,-0.6455937549170896,-0.48191255069930666,0.32867222829814774,0.3512934805121963,-0.6049801799495972,-0.20718221938603254,-0.5070491196881154
1.4146607583905995,-1.3899542041903945,-0.8764708239505875,-3.1000200266761215,-0.2752689193288198,-0.15286495383589505,1.0280034302850818,-1.0149324384601859,-0.48100244793652996,0.5607645471257937,0.13255008181720465,-0.3066207740561499,0.020889148322785878,-0.17660085777921591
1.7138791555721433,-0.8388560750501485,-1.6070717718373326,-1.5217659003164559,0.047150977229663264,-0.619579334101576,0.3362331298292662,-0.9767130669131127,-0.9174071767497358,0.20140958340408927,0.11662186726590046,-0.10616197705683245,0.7520148929825057,-0.3915884782194906
-0.012296860656528494,-1.2626958918547164,-1.7846052131812755,-1.2541029452784171,-0.06131431043679185,0.34766640365321244,-0.6743125106404766,0.7130077730345763,-1.248907796392265,0.04638634149548179,0.23797517466474466,-0.14562210275680507,0.15199667012977228,0.14570808301449822
-1.8331012233314876,-1.9133860842519348,-0.005308781661466963,0.8971802731967133,0.03677317825652355,-1.0501966142330075,-1.067028438383476,-0.1917400595860065,-0.9652077945210822,1.2897106506819773,-0.030102940513621234,-0.23485655698310207,-0.2367688657406443,-0.132941450910537
0.5745359492118628,-1.9111509684836918,0.6786790165275944,-2.111419849720857,0.47877878509802824,0.0994195408698358,0.4525653437026253,0.058313608764895275,-0.5572317475828434,0.923858962128989,-0.9137209214499691,0.28222182110792715,0.1996157951166929,-0.11620987468664294
-0.7914711563862601,-0.7587255185081004,0.5741957461894232,-0.5556642912117371,0.22994190260461975,-1.1261193610280895,0.2512647613943376,-0.08314285712977967,0.40510090258396403,0.8060120539606838,-0.8215907873772212,-0.20433851661337538,0.02212636744236156,0.22960465633759597
-2.020031475359559,-1.8721314194480667,-2.029700525616396,1.4273825316805675,-0.7185204820759837,-1.571392159693774,-0.2949057908160713,0.24857912460531764,-0.9119865436812615,0.24003206942657004,-0.1651743057212808,0.1806374459310742,-0.05426120654018537,0.3789754855615447
-0.14328097986623037,-2.425756910761293,-1.0695146886747737,0.03945904204471657,-0.477473578196329,-0.16322318223315332,-1.380448343875307,0.24197881367023208,-0.37181028713503633,-0.17428706134405147,0.48140854028903945,1.0999190347856438,-0.021338110706365453,0.04388067123694753
0.7515076649843817,-0.22520901675074775,-0.7081537266259984,-2.5913271112497624,0.023223373418407585,0.15537723589678615,0.3048544915885142,-1.1702126002976756,-1.0766107963844618,-0.22719503840381872,0.23685713404123773,-0.9950135680689518,-0.32830546412180983,-0.06838925305093273
-1.7403257308074205,-1.3910081469602926,-1.2356011244902434,0.043090993953001,4.448987248876471,0.020871630299051775,1.5336288097038284,1.041478408369483,-0.23890961083553414,-0.48218615892350847,0.24329108125732538,0.7308650411532092,-0.4752249722570424,-0.15423437934186504
1.4763004083985483,-0.892248586294328,-0.6299427350596236,-0.9794920048511917,1.1162429582361166,0.007928709603905302,0.242192500062778,0.5816966235338913,1.3660150201493149,-0.5648636930714908,0.24230046636672395,-0.4598969914231505,0.42889080982042965,-0.041915471992797285
-1.4919777857723635,-0.9479270814536015,1.953836972781106,0.09806193987735694,-0.602976969241823,-0.16749059897768598,-1.6103088147739613,1.6578026789687543,-1.295633235262113,0.4665623113143622,-0.7581815661746061,-0.46074195501539944,-0.3691772035186029,0.05739692660782186
0.6939668586318593,-1.0668633193304053,0.07986423833432708,-0.1555123071939879,-0.20392627542242803,0.4012249475292992,-1.6400288586296543,1.0443626593469886,-0.6684221200511463,-0.6946966573247619,0.09553066443343895,-0.18436387822735595,0.35748238944903615,-0.031185944010938355
-2.299457157208587,0.27435850687419633,3.376817207551911,-0.2960317909169278,2.3431067412348168,0.22230859441075854,-0.5259352289635296,1.2387443588355247,-1.1815902140580128,0.015539065905574691,1.7775339792181708,-0.10160168955890295,-0.40044407851164626,0.23132681602990493
-1.6341313770491799,-1.2773898037548967,0.46018812857263014,0.5587426326639141,1.1021550221182332,-0.21089451501215212,-1.3846899902255563,-0.5025233671902745,0.2505009059796718,0.5136078936120038,1.0801533477088354,-0.4479705902479566,-1.0413574386004623,-0.2738248796449087
0.8289993211530113,-2.4477057889888507,-1.563704183631999,-0.663103784548015,0.846424840474438,0.037948340954655414,0.4534111943710593,-0.06445959100783154,0.08015975493620174,0.855930301359056,-0.2061343135596562,0.5832766496490157,0.5608950013403136,-0.19581177576779982
-0.3004317546738376,-2.1510645612464763,-2.4487394523184682,-0.004948954647922244,0.2558265508085107,-0.6618412149510101,-0.6157627242431015,0.7678381776366495,-0.7653562779532638,0.17431265611611957,-0.4079567241671652,0.2101670373993815,0.40401605791558604,-0.01202055331797633
1.3611781956286624,-1.3903462660428085,-0.2283026968044911,-0.5652438360601156,0.9798376781231654,1.1230450470673126,0.9093031133420861,-0.8666342060261674,0.04626385886447333,-0.06866428943730074,0.061873052979234504,0.3409327372234752,0.20701190563712535,-0.11191007859277811
-1.0960485224074585,-0.762642821246505,-1.1823727657793381,-0.11118073389144638,2.9276348173841487,-1.1281488483153683,2.1899020979692136,0.11618108094206943,0.3248959643875109,-0.5648186593788213,-0.3688300625874499,-0.1831488289127031,-0.02431527169420893,0.1891781162150432
-0.31921973891355343,-1.0247704280518102,1.79482091061803,0.8931115709348549,-0.419917991626746,0.6687589482535475,1.0944610749197432,0.4430834952363807,-0.9751578480591003,0.466430818081911,0.24776756565486777,0.011986899686578624,-0.0699494937685664,0.06558390154685957
-0.6712575723174735,-3.370524964886798,-0.3567024709360593,-0.2912661671200704,0.08313858351929254,-0.4425086326941699,-0.4427383694756919,0.3166888599528038,-0.8219148598262743,0.5191941929327786,-0.14290172510665797,0.48324335326244583,-0.06308142705446772,-0.036851142727192296
-0.9241109081104657,-1.445106615399056,-0.3621679406230679,0.2900615888881996,-0.26769089754749514,-0.09313578498019295,-0.5071810694573595,0.632040976250069,0.21376216482390378,0.2363703556538531,-0.12843566070930143,0.36719405665235166,-0.1152694744918998,0.43633362308727996
0.46749204359158675,-2.3837655731811522,1.3351410768046075,-1.2438032459577855,-0.696361321415671,-0.3682797550457145,-0.6691845429434943,0.9389289727095459,0.5123224981908764,0.25127480222785753,0.12792036965938358,-0.03829187404060971,-0.26909537360750363,-0.16670467040014814
2.3524167496170074,-0.1001399633176957,0.47225433382572457,0.30202161722422033,-1.4642620963572308,0.0077673262026525325,1.207473588713134,0.44796435385857514,0.0036389127114707133,-0.38831982567745255,0.024547990736144273,-0.21439103157494727,0.8470424161681507,-0.16953519190019373
-0.7182232497559657,-1.4681139435689583,0.6113444187699151,0.8883942765371378,0.8552385661243868,-0.7807449462577327,-0.713563962064589,-0.6735249935117844,1.3529588849790537,-0.5305666001886228,-1.2245038430208546,-0.1952954991254447,-0.559909373984674,0.06983340856080224
-0.6982960422675996,-2.0222341663915153,-0.2540623592696096,-0.6544505395037592,0.5344113939879582,0.019157095339581844,-0.3177943990634667,0.19872593964527013,-0.5434139616342195,-0.1649168880825786,-0.5935290609590347,0.2791746738775016,-0.42535486973418307,0.10863843831201668
0.7645743933746587,-2.237504140790523,0.7722697314539368,-1.0533631523821265,-0.012954394741063573,-0.38486417013508945,0.2762336290701733,1.0538761258326308,0.06627490189017132,0.38174798118931863,-0.041655935099388225,-0.10031478432419506,0.3503465708318324,-0.15713014387761987
0.5282492286427211,-2.3756972335034483,2.3070477000413496,-1.1321258291756033,-0.20819584578832856,0.07443230645869832,-0.5334334087226313,0.8645469155132156,0.390986565098619,0.24076574658499394,0.31688904023677505,0.7933503717131147,-0.221098190756318,-0.20179193275544238
1.0378550746488304,-1.807867987663772,0.9582611315583175,-0.5574922611813075,-0.6846088675547018,-0.07016728735573076,0.10502947546689856,-0.3687442561451774,0.9323298264461948,-0.07422999299630693,0.33466390864266776,0.15618907233824678,-0.0548667675441737,0.010715513598584941
0.5214242504129998,-2.6603838596853486,0.848509315963982,-0.33517097376064664,-1.2794212713867756,-0.27020681898206633,-0.7760956519596338,0.40280346491942426,0.47139339538845265,-0.5260709144674534,0.6435695431809574,-0.06237791587725281,-0.4665896135634904,-0.08137249960076631
1.2533585938573963,-2.1247563867907036,-0.048801872839585946,-0.717478265900235,-0.7828222817354087,-0.4602473652809354,0.8079365557306083,0.06691364970201802,0.6957361917756455,-0.1124890109960038,-0.664437095969814,-0.1811526762129591,0.14160959908051962,-0.03228266116457303
1.4607092605337533,-1.8596994046367532,0.7799362522634152,-0.7515682494885751,-0.3742753982322522,-0.6589633562530721,0.23275860616069646,0.34954536210628445,0.6576491543913012,-0.6118226473070084,-0.3967989953138275,0.4423042707846804,0.1452267782293876,-0.26744951478862317
1.791246293791371,-1.569163231756255,-0.09086208087057718,-0.8494470100635065,-1.039858897804285,-0.8548287880752149,0.6423951294734136,0.4533406356943435,0.4422761347327117,-0.8535116592010118,-0.4246900651361652,-0.46752266203125104,0.5491928177138407,0.01729113820911593
-0.6533042815881042,-2.3083929653195123,0.11555843579288641,1.2912683726967298,-0.05442118435829717,0.5122911574689348,0.14264324635885026,0.2539465829337341,-0.2508535204606746,0.4382911032323906,-0.8013434283611336,0.26305411673818346,-0.3969793583252578,-0.033595755389036384
-0.8361451004306517,-2.217548879563106,0.14365259032168023,0.5989609023469332,0.8954514541330061,0.33374096908897916,-0.8045781657481254,-0.8192501250383776,-0.47021744755842854,1.2997588910732458,-0.2028460725426925,0.21631928424770275,-0.4407642862521219,-0.39970950069228883
-2.260607323549396,0.18428636996603154,0.7917078308633427,0.11108441405907882,4.077835581229923,-0.8070331172317197,2.7800958790991945,0.5302176480548264,-0.05573447452763957,-0.49697603389650385,0.25726620730356686,-0.4455578951953708,-0.35687032944723257,0.2907128214451274
0.5554728283313047,-0.37012732678499516,1.309239042444855,-0.49775646367427073,3.3936840777795725,1.1656424922517525,-0.3230754871620531,0.026459348483358215,1.0678973833937753,0.0767622186049342,-0.6744035392249014,-0.21406852999656353,-0.2472900755054831,-0.5232699351894393
-0.914996504860871,-2.559639344221391,-1.0853709477321098,0.3198955901607691,-0.09844110190797865,-0.5413126986883373,0.0078022341821814,0.027137745863466213,-0.38354238755874975,0.7138739789665397,-0.41148426299468854,-0.06733502877221507,-0.07159867662455179,0.13435265539478744
-2.020983470996342,-1.4202204126787747,-0.22805148374810738,1.0647925249740144,-0.14563170102904716,-1.299240316273276,-0.8301513023780599,-0.69003136951557,-0.5270990679102717,0.9507226654640022,0.47432819004858356,-0.5885503946810595,0.1215648824942443,0.45425657556588933
-1.2654267654096178,-2.1584825070923364,0.7501290333040833,1.1011485043385332,-0.8238797514472231,-0.6661293659222842,2.068413197282274,0.7026974023293214,-0.46415159527408684,1.2283721681749624,-0.645633671386446,-0.0826668384725038,-0.1038137798772167,0.2438056313139011
-0.7014322859995958,-2.3722159154054143,-1.5672453367102845,0.16301909182310717,0.6483241758705576,0.2733763392761093,0.2304244696686446,0.44134536689138487,-0.28775170747578216,0.6359658712037126,0.9550841905215214,0.6372270222905821,0.1218770270914376,0.2227342635669283
0.5308697853638041,-2.295355050469966,-1.4991709365919892,-0.24515965246293786,0.351142042085211,0.1886425656752244,-0.40561802903287325,0.7500844670248528,0.2708351136759884,-0.6969344945669727,-0.01524588939494791,0.1239323528427924,0.07344759174839416,0.05602702723841091
0.1761567182781072,-1.1647900275956178,1.0037610312628524,0.6660103113304724,0.04500726650570987,0.6965564942630972,-0.5364512903504992,-0.9586502031595424,-0.269099842362954,-0.5758892408503485,-0.004523918475597327,0.057578999016880274,-0.33881829017649895,0.010707936949790465
0.6427419694693183,-2.6822895258703707,-0.7650063688497447,0.4893737130521865,0.025204124564891118,-0.3505908633864725,0.01801158967149361,-0.4614970468397527,-0.20596062752309033,-0.004828495592484752,0.6661865920734285,-0.5736169070584475,0.036679908228516925,-0.4062744172652358
-0.33770614321128317,-2.0963966766393454,-0.4714876502452086,0.3727114471730763,-0.37315991520345443,0.12860954144440553,-0.49266868685842746,0.403070690013654,-0.060211614347265414,-0.6661734211019114,0.7469119375347141,0.5233036380628268,-0.3496516157145085,0.20593737147165114
1.6372115455760516,-1.7263642466768523,0.9454995402835485,-0.11324013654909576,-1.1748834459813156,0.021523667794557978,1.1135223202961793,-0.457499784806237,-0.4082024480644976,-1.5943168618918928,0.04430827543051063,0.551915370272207,0.3962104792423474,0.2736430891322119
0.3587726420408911,-2.1708186173480346,-0.48151654812557043,0.26720779540463124,-0.54870615929592,-0.21854643481539623,-0.2141342998142893,0.2323300982767069,0.5034305505416793,-0.5806292649948539,-0.258758921265267,0.6095164357423049,0.1550901144973103,0.29890933371871187
1.5131187427030683,-1.3633562761628053,0.2860096886515871,-0.22315289359177173,-0.5989976955178147,-0.49150072885155016,0.01391715805807691,0.5828363180049267,0.42545805600938313,-1.0663441657828272,-0.2459136261517695,-0.2375525117314772,0.6683122814108123,0.13673282772372933
-0.030096257014853415,-2.3045077402674146,-0.4629174720982502,1.015470971278981,0.2053297490289935,-0.9563122735645617,0.33806290560768026,-0.3519128268284436,-0.31477153213252734,-0.9717072955941558,-0.048106371634594296,-0.17915625940631522,-0.012202585265546765,-0.08625588402640932
-1.4094023621799219,-1.4531115823371221,1.7812256429040125,0.8090170484558801,0.31510771520509623,-0.8360305536247509,-0.21686027798914126,-0.6626702287297782,1.192091956545549,0.10697281445308751,-0.5705349629858877,-0.2153152743067168,-0.5922155627741279,0.3763080416848214
-1.2182444358065978,-1.4081928230478205,0.14186930483344962,3.9821590472146697,1.3925705641968402,-0.872330207509048,1.872490700410047,-0.09240411102831812,0.558118619897081,0.2548662957824836,0.7376901475947393,-0.6251705801222397,-0.15457220653878725,-0.3492286743164693
0.288314619355139,-1.931226411450633,0.07875563312427951,0.9210177990400384,-0.05052835794169399,0.6778852038369935,-0.893273146003243,-0.26306719422048896,-0.6092836085865562,0.014623690579905334,0.07888263895451665,-0.6000705854370153,0.15290805652074835,-0.06588611576625988
1.1960976186198673,-0.7704426230116233,1.9980517729358729,-1.9560850681382447,-0.4059646515475769,0.460655813885027,1.0735032481663256,-0.8223925769495422,0.4855231496844446,0.7077308789513503,-0.6956377212667577,0.708253825784678,0.24778597667616278,0.28174726045800974
0.4516181889048874,-2.2710070558385214,1.0611789103139913,-0.8251115378640835,0.0084508105922878,-1.0716862889647025,-0.41034985166995425,-0.7703251666776635,0.3239154110861408,0.5411721223848398,-0.17248513617770334,-0.3326549987265726,0.010913037220277262,-0.3172223424336175
0.4718388564825403,-1.9413811889855543,1.3234795080461141,-0.2727900133522105,-0.7961125135418249,-0.13997594628743715,-0.9880734081841595,-0.9580711553641648,-0.3369181500889399,-0.3961363178886533,0.12083926233218684,0.021852544661326804,-0.07646057483273884,0.043306541567221024
-0.42339908963769984,-3.8689936073788758,1.3446023401274196,-0.9818912346467666,-0.49209792476738595,-1.1376553707841657,1.412717795224523,0.7664573402618304,-0.22933244464364283,1.3784277024945175,0.2590963558892014,0.7179494967103753,-0.09770566636154575,-0.16281100459018485
0.26437652725350397,-2.8219160832036927,-0.30247375664259474,0.5301770393124335,0.23291007235953853,0.017643820228845003,-0.5345792461578719,0.08249949959044654,0.3650051382198685,-0.7856154116229017,0.4974153556041128,0.30076685409080883,-0.22718913707341915,-0.07714104632231605
0.13745846640963,-1.928453527230463,0.6904924908646124,0.0008442815855490836,1.093673335583434,0.10827420274322999,0.014205651574156326,0.3511903791030453,-0.6222934285515413,-0.7033106048324247,0.006137905502635715,-0.015119091524860141,0.3181798078701616,0.08450408829161767
2.2504766336669078,-1.269325293905387,-1.9048972869531349,0.5201549672775303,-0.9466788255897078,1.0150374768495194,0.22197094433453485,-0.6755519175146133,-0.022563582703233866,-0.30440646264136556,-0.33006277189412303,-0.3132582954647133,0.49671812382116276,-0.20148869110657266
0.5307449841402226,-2.2244167990647195,-0.35642100175532737,1.2808234165065369,-0.2727012169320765,0.7817843950002888,0.9385200344144777,0.16713014642537943,0.5557055446029483,-0.3030304553576824,0.33170033717324715,-0.009178755706581327,-0.19986057384793376,0.02704117269641312
-0.641287353090288,-1.404312716870391,1.1263035634460865,1.3139854888196951,0.15626459143004853,-0.035104579189884993,-0.1776163677653244,-1.4139535916096724,0.5517985973385673,0.06520991772181291,0.3970148964874638,0.15076337765134262,-0.2951927268153075,0.2400925183821777
-1.1843669061085835,0.2609573971328105,5.346699304714159,0.4244234711720568,0.3513029192920492,-0.8700103869857321,-0.5334387180017919,-1.7588194232243766,-0.5299867027950369,0.17659100854732496,0.13389244833200653,0.8357244956443788,1.106481821528385,1.135259170922575
1.106941945947249,-0.6694970022937162,3.0094626355442946,1.0493488711767631,-0.20885345843444958,1.390327286074563,0.5390113971795463,0.25582139487870986,-0.21274558498188895,-0.26788143478302184,-0.027070229386028682,-0.005135314417453724,0.20600001794399053,-0.05746280499694899
0.4586479438836506,-0.619888484514281,0.4834693939358332,3.3394572343818982,-1.0152583586445063,1.7461077079524916,0.6510850171502562,0.2968939659397978,-0.5103941923745153,0.11136342519896665,0.1898213995958364,-0.36540847241831287,0.3229917545508721,0.11584236168711998
-0.8461072232725743,-1.4391087987312399,1.4827688194565138,3.8118010618116807,-0.4686036573401185,0.3260578728931,0.19863105015977134,-0.12923583461373267,0.7462053248322718,0.19785867386735295,-0.4466463661785126,0.036879013460348845,-0.2853210246878703,0.08978859631785263
0.11653671785625866,-2.1099035537090227,0.43495369237396375,0.9396832136508824,-0.572229635401267,0.07843964211070617,-0.5339774383083126,-0.8374629758805447,-0.40713398287078995,-0.35628434847684964,0.39434347799982417,0.04898237847844438,0.18587005165741255,0.231086960825938
0.007086700003462743,-1.2655111176102638,0.6880452853671168,1.215170001326867,-0.5522575447313407,-0.9744989266022092,-0.7041531737968707,-1.0252793488419756,-0.36391943175251074,-0.6261566026475597,-0.015781902582683242,-0.5757409485178799,0.559092633083576,0.3113911498322491
1.4953086293777897,-1.2156794495174104,3.3600647692302497,-0.4056943049753251,-0.5844197571909416,-0.7825437010218353,0.24822782695305143,0.03246562446833208,0.35022261059751314,-0.34903265863444133,0.34682016705578306,-0.37790767965092753,0.6433553563728854,-0.09641190281175484
0.4786016941518148,-1.9402783474077945,1.2965397727727253,0.6711184592888841,-0.1923771735777646,-0.6176798270928058,-0.3208571731080917,0.24089457105814435,-0.1509712632474521,-0.8145504187680656,0.06525838944739629,-0.6198046662580609,0.4747062131610633,0.10330870244705724
1.664144618858879,-1.1591914689223706,0.7814382285645497,1.1234613161329234,-1.1107816375429183,1.1485912615916787,0.2692414889935936,-0.28907407698140203,0.7015880033324968,0.21941444496167004,0.41730508998125293,-0.263353821116972,0.2046234022024774,-0.14365064869454733
1.778945542924123,0.17231476210599123,-1.1788694526821102,-0.8089643346392679,2.6785983655199717,0.23395440703222867,-0.8250698174111446,-0.2715892058629647,0.11802857015397765,0.11198815405376593,-0.5368270200401681,-1.0202122934465792,-0.004155104151652598,0.5784434523235522
2.741918921568582,0.37085724501241213,-0.7236411008896197,0.009047362789498054,1.3185175007414542,0.7711916315822623,-0.9752003812970089,0.1458127689408069,0.25981981093368617,0.5215379750524016,-0.5627693736268758,-0.3984810839589409,0.3112344896487392,0.41323775966571324
3.254296966691011,0.2575634586273768,-0.16778342785311412,-0.13533002736616442,1.1368285284799464,0.13581534956372415,-1.5713771118639277,0.5108706083882837,0.4613781850233955,-0.04358567916562756,-0.011910490358164081,-0.5302649763421432,0.5642024356900336,0.2929109040695768
2.530366352884849,0.36598865697952576,-0.4527935912547664,0.44757979454284735,1.5889964137850079,1.102084059126363,-1.0845336195601112,0.32263582595212686,0.17807272082870063,1.1216984109551191,0.0318238045213145,-0.6964518298407648,0.18884215921421812,0.16948059007306573
2.7130243739203332,-0.46387413536386285,-1.1016225217153104,-0.9760004890581997,-0.6231748615888095,-1.5918345774127622,0.432822859886945,-0.8589324672658704,0.2802640204348009,-0.164133051639862,0.004566209858117939,-0.6520288708213179,-0.6804659866203688,0.07387041875398909
3.3489885805820827,0.345562158694732,-1.0999036865234744,-0.8732274253947472,-0.466676051626003,-0.8740706409337562,0.7765747988355691,-0.7522273326709402,0.07241423736138387,-0.09591615857381783,0.41010292255970066,0.17199652681758007,-0.07877550960794356,0.21488593983394041
4.117166964930116,0.14197307905455395,0.22021965197028165,-0.2624436010512439,-0.573400247684974,1.1996252922032404,0.7995988324515776,-0.1947786948399772,0.9847462613203146,0.7996500444002496,0.19360214211952917,-0.573038214029467,-0.1261143395529171,0.1811578336399282
4.14412844273494,0.6472132363130798,1.7106980214182832,0.24299176780500195,-0.862338113993861,0.9955532057609804,1.3765641307406815,0.12133192973624711,-0.12164133639192641,0.6505960732930582,0.427325711141006,-0.07218964027044635,-0.08205133134751118,-0.1185932012511245
3.365925504931608,0.3404106443485423,-1.0278475661066857,-0.379200490825555,-1.0598421505060311,0.26710028163474203,0.6962097423001544,0.21194870235264868,-0.5719566719864406,-0.1464605328536255,0.13479642834985012,-0.07619808673641673,-0.31446340099616044,0.18226525426485105
2.712676780217659,0.2874643821471813,1.2415615704198881,-0.8193760706200763,-0.19942651468241057,0.23943219330909937,-0.013299443287863616,-0.24058532715020597,-0.7012323309815243,0.14838969005850813,0.5505604841805808,-0.2057079602504528,-0.8518970766356806,-0.10223186449175324
3.0716452299668457,0.2798059414046046,0.6088079301332163,-1.0372325090133603,-0.37861132216180204,0.5802692963975006,-0.08425570411325861,-0.40740191612521,0.14105518729549393,-0.4898616965932343,-0.38033952615971145,0.07602242750083937,-0.8062282491149807,0.3248172666260301
2.6261454607955543,0.3682328706516068,-0.9719813377159615,-0.46361574413302714,-0.2657383562468557,0.6900674255133231,-1.0720839472186308,0.1610793639963321,0.2982635675005953,-0.6547789246000182,0.12109877466109031,0.2613531632999628,-0.7645356209512795,0.4443825587391564
3.2603967160285174,0.4810908035436506,0.9458694114226933,-1.2244838869257388,-0.41003390924815336,1.0067794379621504,-0.38438810776952276,0.3961728747983276,-0.5523616129529216,-0.231267886383248,-0.33669056515174106,-0.23263046051222125,-0.5386032432792168,0.22598158081400407
2.704046991504902,0.47745984753268766,-0.2533621885431246,0.4112366503649463,-0.9035342156045477,1.425022206286638,0.7683394094351444,0.5194829812057702,-0.7875345918989326,0.5829338149476053,-0.07889710631978983,-0.26912398036910984,-0.6199024925023529,0.2229421906171864
2.5908477457733876,1.1574998663047398,-1.244623117122515,0.7094751859314327,1.5041457080582128,0.5614648357453427,0.015034650837972232,-0.3128777615930424,0.8806721083819704,0.49071162709852717,0.5002641725364334,0.9976486773022056,-0.08941436123168041,0.20800827212241843
2.954011096835368,0.5578514991369751,-0.8561412642776467,0.37752071114152874,0.4786005954967305,0.5900253207178286,0.5483712968377008,0.3796235735607304,0.432801385814755,-0.5808104640461492,0.6694682172659685,-0.8533969037870848,-0.3090232417843834,0.37098408774124564
4.459950064090985,0.6354790078086793,-1.459910221286862,0.7959161153397879,-0.9203568455762755,1.6772999485860927,-0.2007606608352582,0.7760879098694687,-0.05469594849391736,-0.052458119716549914,-0.6003023298103222,-0.6637650294895022,0.25852246675322016,0.11983016827888249
3.829249569456516,1.2623296179738288,-0.11184976209285448,0.7866969485585908,-0.9021893568749171,0.6133018287129166,-0.228874988239108,-0.4232118576580117,0.3353641199207325,0.2865567762349546,0.2226978978134242,0.2836144799781763,-0.14966231486022016,-0.05840701191102433
3.1336500133214753,1.5646461381567816,-0.47273577789945637,0.572742559720898,-0.3555822403792769,-0.5738149473214271,-0.3944673788628473,-0.13781275820517003,-0.024799549063069904,-0.04040701884667595,0.1786630878509952,-0.1571103982909869,-0.1714574773989859,-0.13626668563745462
3.2347141020843595,2.0353244284317538,-0.49585078668420274,0.7966068090027149,1.240700878393649,0.06008170528912912,-0.3286091958035371,-0.06977398833303101,-0.10510428231620164,0.42278917355031026,-0.10523806188038007,0.3334584573016637,0.8804587895061113,0.18295877824763168
2.7125647194844253,2.353879598970727,0.4383941355381776,0.5275244037457112,2.186100984695362,0.1294640026254926,-1.2130221159650476,0.43498779769242385,-0.23196854833096228,0.1574143706715904,-0.6080268994361632,-0.19500336874141533,0.8261305871211118,0.2319440709914734
2.9309404445008376,2.0419835289911688,-0.3115533495759947,0.9017968425244101,1.7791781065939973,-0.7649188439602391,-1.4674069637941727,-0.3517718640406592,0.21930242882597856,0.24546846057406144,-0.43856382557186596,0.5743389176523143,0.7247782097735296,-0.08417773768316351
2.250574247691136,1.5279561439356462,1.3637598063956702,0.37745222593911437,1.906444639072307,-0.8882265517023169,-1.421610229393204,0.05033344858785039,-0.31795696634567533,0.09214723855610953,-0.4760215359781816,-1.0075775692819227,-0.004166009428042983,-0.2755621158218204
3.0975203328081147,2.1334817600379963,-0.9647025057628116,0.6167716617165588,-0.48132288694279085,-1.683399846370124,1.1842862576884714,-0.4089539034535287,0.07007387239734422,-0.1344128486632488,-0.12097267256526431,0.44265463905570873,0.012574986286968324,-0.08169882458084116
3.0770556679439633,0.4047909747456704,-1.1903262022780414,-0.42147273672061447,0.778976721978086,-1.7458250610880623,0.22355072479394916,-0.48471574968037856,0.2534347441870382,-0.8788995249194084,0.3784120066155608,-0.010748189680329704,0.05300318007388388,0.03839502609072454
3.8561582374743373,1.792089432191093,-0.09502227924252603,1.0042505817035432,-0.9957662755782938,-0.03152784877429846,1.4404807585940897,0.19887845894395206,0.14223291154221515,0.21276850973331202,0.5733002359654954,-0.0066241662814546815,0.06523461746098076,-0.07578261503951861
3.2083884241573224,1.9188278825537155,-0.7826262814101379,1.1480536454147434,-0.8630070235180886,-0.4182391455611364,0.2520390381956623,0.14936730023492448,-0.3453573388079907,0.029214368540474895,-0.6678227029699307,0.041957122694133826,-0.0938239026962426,-0.12313259343595878
3.658494172364734,1.3025808161988168,1.6010896040297344,-0.6244407309717028,-0.4885353990167923,-0.8307930315528993,0.1692667866644798,-0.150597302989047,0.483112591094432,-0.17650511645509134,1.3300497582666615,0.024490497757324974,-0.19939091531145597,-0.10766424267488335
1.5529818269996623,3.5190931117062823,1.1615967721952491,1.0083206719523938,-0.6160598045401431,-3.473515480770879,-0.3842869036826366,0.4944528712551779,-0.7425206189229053,-0.6296934405628117,-0.27900035083288194,0.09357280511445269,-0.5873876761433272,-0.48035225209117904
2.0582838922805013,2.407546102831515,0.549571767055334,0.7510722058952071,-0.7426561119987718,-3.089008423764093,-0.47198127881432517,-0.1822263391575833,-0.10914391132999622,-0.1686874088297531,-0.36591202490140123,0.09148402272359318,-0.5905411711962802,-0.4940322401342619
3.438549339272361,0.7305432433939152,-0.09146913248070491,0.8417691565300275,-0.6380817384660176,-0.372646499556735,-0.02880944898047399,-1.0821539676118062,-0.02789504368892896,0.6655770144699844,0.4511091409581504,-0.11591851239048578,-0.1315468346084845,-0.2861641388093976
2.5844881469164123,1.1713283863621045,-0.10177999980528654,-1.2046349098054747,0.01791900991124324,0.6170374860287865,0.40571135092148736,0.24830686922000328,-0.7511241886844581,0.297542196104495,-0.21845880745800683,-0.08862129826126924,-0.6598805670397268,0.18389158569162722
3.144457216146697,0.5490358406118729,0.8034739573092158,-0.9650328360234941,-0.06115706478127688,0.25076552640097083,0.8126711749205539,-0.1994823607587884,-0.37109112411911255,-0.18342285033278186,0.021507404776255797,0.32817865767792226,-0.44009104052533293,0.189306051852099
2.9252939819963175,0.692656844034504,-0.8851875121869592,-0.13074957844826485,0.7229022721906783,0.8099853720251214,0.21491074643124652,-0.24976511176423152,0.2899374552927246,-0.04105401490902954,-0.1970304283895084,-0.15879687109366372,-0.24530396898743828,0.38010320271881143
3.2618267746097187,1.5485905677360545,-0.9838004793592593,-0.03931737377492942,-0.28996085807640176,-0.6062978295269815,-0.945255474608781,0.77058757536288,-0.2487498729453076,-0.17707953916656524,-0.08050226422678958,0.4722373772797859,0.1926486075438603,-0.02517715528278707
3.7775871663668554,0.8723115459283673,-0.46713350031521955,0.31351452296879534,-0.8982590246742838,0.44931797417859004,0.46665303972034644,1.1052699242101625,-0.42210380857123225,-0.1718478706424683,-0.009442188555561316,0.11828833983841706,0.08844743550345013,0.0468563735820828
2.774639251547305,2.5887046452161524,0.4284055751544273,-0.00818395238023037,0.5646649387721024,-0.5539929026902923,0.07492950272423292,0.7032568299838196,-0.28816265356683096,0.7392948926309376,-0.125903910164174,0.7907042693769849,0.13225500957028458,-0.17656486443219724
3.242616177341214,1.2678478947047256,-1.2137152272095553,0.24020659528745503,-0.2919269771889718,-0.440188500644708,-0.6086959204717288,-0.011881858533640505,0.38074954851999976,0.6723428785340458,0.06050257270233571,1.075579916548823,0.028177958098098546,-0.13632322101124003
2.5637437530435983,2.0749092700782437,0.7640765428162258,-0.2066082457261097,0.5635131531904852,-0.6909810745187653,-0.7014931516083983,0.8975274879058942,0.2135795129964276,-0.21933269528118718,-0.21852493371015788,0.1572871209597239,-0.19654059961615383,0.038997926051642005
2.748729476307857,2.5850820437814184,1.4182670582621613,0.8093356992070734,0.8650299204698343,1.0170822539977642,-1.0081587746844969,0.33723569230791034,-0.16545741026663086,0.7088531036232056,-0.1696706121470861,0.25160133598489354,-0.26375677014154486,-0.20877594127215895
3.491196196423808,-0.2594602007965172,-0.8477419218588819,-0.12467754215299494,0.5489472259127375,0.4964375267276433,-0.29738486581796814,-0.6137272593900022,0.5737409640577835,0.022245061555703105,-0.18846106943423546,0.250907470604973,-0.13934529692318787,0.11288509702612662
3.9291344048443997,0.8373860282192279,-1.3403477997921531,-0.23184586537491408,-0.39796363479562397,-0.896152984847322,-0.9225001590446004,-0.7267672583554635,0.03889060138668053,-0.06766086601510363,-0.13592937515622347,0.7975653883174108,0.22751845148130534,-0.21808779720450658
2.8152954657266807,2.1893361412617387,-0.9189274433842636,-0.08114752325146474,-0.559997643685359,-0.8654582150722373,-0.788880581737235,0.2931543372642146,-0.24470165820803114,-0.34189614568119403,-0.6004611919621455,0.10492746452255282,-0.30745214128382753,-0.007299341290165505
3.6279962016789065,2.2066170140010044,-0.34366766826310946,0.7517046544686098,-1.0041090864471576,1.1431548783165066,0.8434548557774512,0.20662595145308416,-0.12541870126514987,0.3926192884308697,0.13678331796939205,0.1748072670619183,-0.1988029100883978,0.09395050022407105
2.9427292151000968,1.7522632018638853,0.20747974412581258,0.39938075540538265,0.15422302361093443,0.06246475625300892,0.13994727686269678,0.5655875257907812,0.0553413199302233,0.2362668066010244,0.2542858348981759,-0.2775189239198525,-0.18506369517622284,-0.024277373947255355
3.0272724323442395,2.756040238792647,-0.9408030359986362,0.6077584573966247,1.1281363446504453,-0.005290357175152617,0.7330261065417012,-0.0525445506073657,-0.027881353616005942,0.21274935090314692,0.5026402718125462,0.6933363400838982,0.1670356601232069,-0.031695743043193544
2.7552216641236607,2.293784082205701,-0.5504736766096431,-0.39157042117274343,1.0670830394341908,-1.012562314481211,0.755423248906953,-0.42651197873057073,0.048784160385305614,-0.47979317113008874,0.3137857411094163,0.3441198259298606,-0.1095148727636077,0.1028231041027838
3.496335654070918,2.7606079900958713,1.0131511480803812,0.34963030485530644,-1.0051362725623176,-0.37722336789633826,0.015306642951560161,0.3250021320142755,-0.7199833956481236,-0.07990774974304413,-0.23828238960232842,-0.1898661308649502,-0.16409001095321274,-0.264916503639966
